Sembol,Açıklama,Fiyat,Fiyat - Döviz,"Fiyat değişimi %, 1 gün","Hacim, 1 gün","Bağıl hacim, 1 gün",Piyasa değeri,Piyasa değeri - Döviz,Fiyatın kazanca oranı,"Seyreltilmiş hisse başına kar, Son 12 ay","Seyreltilmiş hisse başına kar, Son 12 ay - Döviz","Seyreltilmiş hisse başına kar büyümesi %, TTM YY","Temettü verimi %, Son 12 ay",Sektör,Analist derecelendirmesi
A1CAP,A1 Capital Yatitim Menkul Degerler A.S.,8.99,TRY,0.22296544035673993,5751543,0.8758481341399167,6054750180,TRY,2.8935594966043325,3.1069,TRY,155.5016447368421,0,Finans,Derecelendirme yok
A1YEN,A1 Yenilenebilir Enerji Uretim AS,2.71,TRY,1.4981273408239715,13136636,1.017650256598358,1602000046,TRY,16.524390243902438,0.164,TRY,11.488783140720596,0,"Elektrik, Su, Gaz Hizmetleri",Derecelendirme yok
AAGYO,Agaoglu Avrasya Gayrimenkul Yatirim Ortakligi AS,13.27,TRY,1.5302218821729097,15282704,1.405186515803308,,,,,,,,Finans,Derecelendirme yok
ACSEL,ACISELSAN ACIPAYAM SELÜLOZ SANAYİ VE TİCARET A.Ş.,125,TRY,-1.574803149606299,95675,0.37575219167505164,1359058760,TRY,,-2.7087,TRY,61.150552902198704,0,İşlenebilen endüstriler,Derecelendirme yok
ADEL,ADEL KALEMCİLİK TİCARET VE SANAYİ A.Ş.,29.52,TRY,-0.06770480704129848,1606950,1.1301229762556328,7676707738,TRY,,-1.2015,TRY,-7.593803170054623,1.95429925524712,Dayanıklı tüketim malları,Derecelendirme yok
ADESE,ADESE GAYRİMENKUL YATIRIM A.Ş.,0.85,TRY,-2.2988505747126458,45425450,0.36232878065847873,4384800024,TRY,22.8494623655914,0.0372,TRY,-47.15909090909092,0,Finans,Derecelendirme yok
ADGYO,Adra Gayrimenkul Yatirim Ortakligi A.S.,55.05,TRY,5.258126195028681,2149816,2.8731967142784973,28548186333,TRY,,-1.538,TRY,-151.90509938915326,0,Finans,Derecelendirme yok
AEFES,ANADOLU EFES BİRACILIK VE MALT SANAYİİ A.Ş.,21.32,TRY,-1.0213556174558907,47507331,1.1433001020782978,127539481319,TRY,14.517227291297836,1.4686,TRY,-19.34314586994728,1.37952646239554,Dayanıklı olmayan tüketici ürünleri,Al
AFYON,AFYON ÇİMENTO SANAYİ T.A.Ş.,12.55,TRY,-1.4913657770800588,856190,0.5232342364678401,5095999908,TRY,121.84466019417476,0.103,TRY,-83.69221025965801,11.7739403453689,Enerji-dışı mineraller,Derecelendirme yok
AGESA,AGESA HAYAT VE EMEKLİLİK A.Ş.,244.6,TRY,0.8244023083264632,111310,0.8668550784343808,43668001099,TRY,7.181781880534611,34.0584,TRY,79.81500253421187,2.86250783182193,Finans,Güçlü al
AGHOL,AG ANADOLU GRUBU HOLDİNG A.Ş.,35.24,TRY,-0.8998875140607432,5527285,1.376257214115487,86600879184,TRY,23.462050599201067,1.502,TRY,15.734319617814757,1.96302868391451,Dayanıklı olmayan tüketici ürünleri,Derecelendirme yok
AGROT,Agrotech Yuksek Teknoloji ve Yatirim AS,2.31,TRY,-1.7021276595744694,14213517,0.5156771189476178,5639999771,TRY,,-0.2864,TRY,-146.32804917502426,0,Teknoloji hizmetleri,Derecelendirme yok
AGYO,ATAKULE GAYRİMENKUL YATIRIM ORTAKLIĞI A.Ş.,7.3,TRY,-0.5449591280653956,229640,0.6068721585901693,1932915613,TRY,,-0.7921,TRY,61.71395427521872,0,Finans,Derecelendirme yok
AHGAZ,AHLATCI DOĞAL GAZ DAĞITIM ENERJİ VE YATIRIM A.Ş.,32.1,TRY,-0.4959702417854823,1776098,0.7274136596160582,83875995636,TRY,21.79966044142615,1.4725,TRY,113.52958236658932,0,"Elektrik, Su, Gaz Hizmetleri",Derecelendirme yok
AHSGY,Ahes Gayrimenkul Yatirim Ortakligi AS,18.72,TRY,-0.05339028296850808,2648986,1.089058082294663,13513694670,TRY,4.402219922867086,4.2524,TRY,,0.406994127068874,Finans,Derecelendirme yok
AKBNK,AKBANK T.A.Ş.,67.55,TRY,-0.8076358296622572,127280890,0.7626591028605548,354119992065,TRY,5.262665846038782,12.8357,TRY,54.788722203463394,3.23318649045521,Finans,Al
AKCNS,AKÇANSA ÇİMENTO SANAYİ VE TİCARET A.Ş.,234.6,TRY,-1.1378002528445077,423032,1.7252226000930653,45430393266,TRY,76.65664619004052,3.0604,TRY,-59.138004699850455,0.792420986093552,Enerji-dışı mineraller,Güçlü al
AKENR,AKENERJİ ELEKTRİK ÜRETİM A.Ş.,10.03,TRY,-2.621359223300984,4171763,0.6585488698488969,7510389983,TRY,,-6.9295,TRY,-47.176263194783665,0,"Elektrik, Su, Gaz Hizmetleri",Derecelendirme yok
AKFGY,AKFEN GAYRİMENKUL YATIRIM ORTAKLIĞI A.Ş.,2.68,TRY,-1.1070110701106939,12055773,0.7476905100869843,10569000149,TRY,5.59382174911292,0.4791,TRY,4.424585876198788,0,Finans,Derecelendirme yok
AKFIS,Akfen insaat Turizm ve Ticaret AS,98.3,TRY,2.4491922876498116,3116194,1.2385139060435835,60875084361,TRY,24.007229033361014,4.0946,TRY,,0,Endüstriyel hizmetler,Derecelendirme yok
AKFYE,AKFEN YENİLENEBİLİR ENERJİ A.Ş.,23.4,TRY,-1.7632241813602085,7874609,0.8618500287007573,28511646966,TRY,18.567007855272553,1.2603,TRY,,0,"Elektrik, Su, Gaz Hizmetleri",Derecelendirme yok
AKGRT,AKSİGORTA A.Ş.,6.52,TRY,-1.659125188536958,7548113,0.9371279378126798,10687560184,TRY,4.580581705774905,1.4234,TRY,100.76163610719324,0,Finans,Derecelendirme yok
AKHAN,Akhan Un Fabrikasi Ve Tarim Urunleri Gida Sanayi Ticaret Anonim Sirketi,40.02,TRY,-3.146176185866402,4319086,0.5028535175538953,11294822000,TRY,,,,,0,İşlenebilen endüstriler,Derecelendirme yok
AKMGY,AKMERKEZ GAYRİMENKUL YATIRIM ORTAKLIĞI A.Ş.,241.6,TRY,-0.5351996706463612,31865,1.431407869261903,9051425358,TRY,14.543353157882063,16.6124,TRY,36.21410649567884,6.07657472210786,Finans,Derecelendirme yok
AKSA,AKSA AKRİLİK KİMYA SANAYİİ A.Ş.,12.53,TRY,-0.07974481658692016,19223174,0.7856670483784071,48717899852,TRY,10.959503192512901,1.1433,TRY,693.4073560027758,4.62519936204147,İşlenebilen endüstriler,Nötr
AKSEN,AKSA ENERJİ ÜRETİM A.Ş.,96.15,TRY,1.3705851344227848,4614887,0.44794623705949665,116318181790,TRY,31.928671050009964,3.0114,TRY,148.79378717779247,0,"Elektrik, Su, Gaz Hizmetleri",Al
AKSGY,AKİŞ GAYRİMENKUL YATIRIM ORTAKLIĞI A.Ş.,9.73,TRY,0.7246376811594233,3820086,1.3877133751996802,23328899632,TRY,7.451941487324807,1.3057,TRY,-10.806749094883523,4.71518633540373,Finans,Derecelendirme yok
AKSUE,AKSU ENERJİ VE TİCARET A.Ş.,46.3,TRY,1.6688625384277516,3769719,1.555098268497953,3005640060,TRY,,-0.7177,TRY,-367.25260416666674,0,"Elektrik, Su, Gaz Hizmetleri",Derecelendirme yok
AKYHO,AKDENİZ YATIRIM HOLDİNG A.Ş.,2.26,TRY,-1.7391304347826104,827105,0.6517785819650127,570836994,TRY,48.394004282655246,0.0467,TRY,,0,Ticari hizmetler,Derecelendirme yok
ALARK,ALARKO HOLDİNG A.Ş.,101.1,TRY,-2.6948989412897126,3617899,1.2594946020202695,42552012890,TRY,23.67016295186364,4.2712,TRY,107.91510490191307,3.06544754571704,Finans,Güçlü al
ALBRK,ALBARAKA TÜRK KATILIM BANKASI A.Ş.,8.4,TRY,0,13016214,0.957156515350163,20999999046,TRY,2.5489303595812474,3.2955,TRY,-32.415249892331985,3.11669047619048,Finans,Nötr
ALBTN,Albayrak Hazir Beton Sanayi ve Ticaret AS,26.02,TRY,-5.03649635036496,15254414,,6849999905,TRY,,,,,0,Enerji-dışı mineraller,Derecelendirme yok
ALCAR,ALARKO CARRIER SANAYİ VE TİCARET A.Ş.,707.5,TRY,-1.7361111111111112,56278,1.1873070926609242,7776000137,TRY,,-46.6952,TRY,-249.72696869518933,8.78020833333333,Üretici imalatı,Derecelendirme yok
ALCTL,ALCATEL LUCENT TELETAŞ TELEKOMÜNİKASYON A.Ş.,181.9,TRY,2.305961754780649,421452,0.7427415837265554,6880997939,TRY,,-3.6627,TRY,-153.80547353576307,0,Elektronik teknoloji,Derecelendirme yok
ALFAS,ALFA SOLAR ENERJİ SANAYİ VE TİCARET A.Ş.,41.8,TRY,-1.9699812382739292,2010750,0.9227191982954877,15691519775,TRY,258.66336633663366,0.1616,TRY,-89.90756932300773,0.382371013133208,"Elektrik, Su, Gaz Hizmetleri",Derecelendirme yok
ALGYO,ALARKO GAYRİMENKUL YATIRIM ORTAKLIĞI A.Ş.,3.34,TRY,-0.2985074626865741,28837312,0.9959693707279268,6786225503,TRY,,-1.0463,TRY,-519.1907051282052,1.49253731343284,Finans,Derecelendirme yok
ALKA,ALKİM KAĞIT SANAYİ VE TİCARET A.Ş.,8.05,TRY,-1.2269938650306704,3531726,1.2464213338949905,5990249720,TRY,,-0.199,TRY,-51.56130997715157,0,İşlenebilen endüstriler,Derecelendirme yok
ALKIM,ALKİM ALKALİ KİMYA A.Ş.,16.1,TRY,2.7440970006381717,4827859,2.1863232970102393,4701000023,TRY,,-1.6059,TRY,-339.49096880131367,0,İşlenebilen endüstriler,Derecelendirme yok
ALKLC,Altinkilic Gida ve Sut Sanayi Ticaret AS,409,TRY,2.25,1505569,1.9483823344238858,43061068726,TRY,,-1.6587,TRY,-2493.506493506494,0.008152,Dayanıklı olmayan tüketici ürünleri,Derecelendirme yok
ALTIN,DARPHANE ALTIN SERTİFİKASI,70.3,TRY,3.6109064112011833,19233844,2.098666632099599,,,,,,,,,Derecelendirme yok
ALTNY,Altinay Savunma Teknolojileri A.S.,15.69,TRY,-0.570342205323193,13798734,0.8259388760887876,15779999733,TRY,123.54330708661416,0.127,TRY,-73.92197125256673,0,Elektronik teknoloji,Derecelendirme yok
ALVES,Alves Kablo Sanayi ve Ticaret A. S.,2,TRY,-4.3062200956937735,68009547,1.0202866379158448,3343999863,TRY,32.31017770597739,0.0619,TRY,,0,Üretici imalatı,Derecelendirme yok
ANELE,ANEL ELEKTRİK PROJE TAAHHÜT VE TİCARET A.Ş.,114,TRY,-5.55095277547639,1659644,0.22840551947755738,31985499191,TRY,,-4.1054,TRY,-410.7091500794672,0,Endüstriyel hizmetler,Derecelendirme yok
ANGEN,ANATOLİA TANI VE BİYOTEKNOLOJİ ÜRÜNLERİ ARAŞTIRMA GELİŞTİRME SANAYİ VE TİCARET A.Ş.,9.2,TRY,-2.1276595744680966,2446669,1.4631072768966353,2067999916.0000002,TRY,,-1.5061,TRY,-32.87163652404059,0,Sağlık teknolojisi,Derecelendirme yok
ANHYT,ANADOLU HAYAT EMEKLİLİK A.Ş.,122.5,TRY,3.201347935973039,1302371,0.8294559459221404,51040998688,TRY,7.41907155618811,16.5115,TRY,54.07405333781239,6.85723251895535,Finans,Al
ANSGR,ANADOLU ANONİM TÜRK SİGORTA ŞİRKETİ,28.32,TRY,1.142857142857144,7646417,1.6488998377304338,56000000000,TRY,3.6290012557984572,7.8038,TRY,40.89842198389485,4.91071428571429,Finans,Güçlü al
ARASE,DOĞU ARAS ENERJİ YATIRIMLARI A.Ş.,111,TRY,-1.943462897526504,365284,1.047295805644549,28299999237,TRY,11.379013408783369,9.7548,TRY,446.1202552905609,1.76678445229682,"Elektrik, Su, Gaz Hizmetleri",Derecelendirme yok
ARCLK,ARÇELİK A.Ş.,98.1,TRY,0.6670087224217459,938791,0.577416890811498,65849712046,TRY,,-4.0848,TRY,-8.603637137083918,0,Dayanıklı tüketim malları,Nötr
ARDYZ,ARD GRUP BİLİŞİM TEKNOLOJİLERİ A.Ş.,74.9,TRY,-2.4739583333333224,3156899,0.5949770457221402,24750652546,TRY,30.040508562948705,2.4933,TRY,-14.939274017467246,0.04225,Teknoloji hizmetleri,Derecelendirme yok
ARENA,ARENA BİLGİSAYAR SANAYİ VE TİCARET A.Ş.,20.18,TRY,-2.0388349514563187,1358558,0.8787368410975939,2060000038.0000002,TRY,,-10.817,TRY,-67.08630037535333,0,Dağıtım servisleri,Derecelendirme yok
ARFYE,ARF Bio Yenilenebilir Enerji Uretim AS,30.92,TRY,-0.7064868336544601,3074971,0.6573187014021797,5693556597,TRY,,,,,0,"Elektrik, Su, Gaz Hizmetleri",Derecelendirme yok
ARMGD,Armada Gida Ticaret ve Sanayi Anonim Sirketi,198.3,TRY,5.534858967535927,1084976,0.8627339969243052,49601997278,TRY,50.225419178359765,3.9482,TRY,18.585931399050875,0,Dayanıklı olmayan tüketici ürünleri,Derecelendirme yok
ARSAN,ARSAN TEKSTİL TİCARET VE SANAYİ A.Ş.,3.28,TRY,-2.0895522388059784,10583785,0.8927024729389852,5858927781,TRY,,-0.0399,TRY,-108.9885109258842,0,İşlenebilen endüstriler,Derecelendirme yok
ARTMS,Artemis Hali A. S.,41.48,TRY,-9.982638888888893,4621736,3.0676708298085518,3225600128,TRY,16.85425216366665,2.4611,TRY,-45.293084668904356,0,Perakende satış,Derecelendirme yok
ARZUM,ARZUM ELEKTRİKLİ EV ALETLERİ SANAYİ VE TİCARET A.Ş.,1.58,TRY,0,16073916,0.7288222272371394,947999954,TRY,,-1.5762,TRY,-91.61196207148068,0,Dağıtım servisleri,Derecelendirme yok
ASELS,ASELSAN ELEKTRONİK SANAYİ VE TİCARET A.Ş.,346.75,TRY,-0.7158196134574087,44255746,1.291269369746181,1592580000000,TRY,48.50735828996699,7.1484,TRY,107.45255093156885,0.067186542591267,Elektronik teknoloji,Al
ASGYO,ASCE GAYRIMENKUL YATIRIM ORTAKLIGI A.S.,11.09,TRY,1.5567765567765561,3316612,1.0155696124274454,7144955250,TRY,1.2961664329125762,8.556,TRY,,1.54138278388278,Finans,Derecelendirme yok
ASTOR,ASTOR ENERJİ A.Ş.,311,TRY,2.725020644095789,27878160,1.134397647055166,302144500000,TRY,37.045860631328175,8.395,TRY,61.175747801712554,0.499451032204789,Üretici imalatı,Güçlü al
ASUZU,ANADOLU ISUZU OTOMOTİV SANAYİ VE TİCARET A.Ş.,50.8,TRY,-0.19646365422397138,217714,0.5926030367523716,12826800385,TRY,36.12059158134243,1.4064,TRY,64.954257565095,4.67770530451866,Dayanıklı tüketim malları,Derecelendirme yok
ATAGY,ATA GAYRİMENKUL YATIRIM ORTAKLIĞI A.Ş.,10.5,TRY,-0.0951474785918153,132052,0.5719240437470855,499225011,TRY,,-0.3925,TRY,-142.89617486338798,0,Finans,Derecelendirme yok
ATAKP,Atakey Patates Gida Sanayi ve Ticaret AS,50.75,TRY,-1.2645914396887132,188893,0.7048293607942142,7114119892,TRY,,-1.3655,TRY,-207.2915848196747,1.36186770428016,Dayanıklı olmayan tüketici ürünleri,Derecelendirme yok
ATATP,ATP YAZILIM VE TEKNOLOJİ A.Ş.,248.7,TRY,2.3035787741670073,1460443,0.8515941467512886,6148814520,TRY,3.1861128014604616,78.0575,TRY,1099.7771288041808,0.411353352529823,Teknoloji hizmetleri,Derecelendirme yok
ATATR,Ata Turizm Isletmecilik Tasimacilik Madencilik Kuyumculu,13.92,TRY,-0.7840342124019918,19139153,0.719978861327793,11263927977,TRY,,,,,0,Tüketici hizmetleri,Derecelendirme yok
ATEKS,AKIN TEKSTİL A.Ş.,102.5,TRY,-3.3930254476908526,12411,0.8555239230986634,2673720042,TRY,1.3307039488801964,77.0269,TRY,,0,İşlenebilen endüstriler,Derecelendirme yok
ATLAS,ATLAS MENKUL KIYMETLER YATIRIM ORTAKLIĞI A.Ş.,7.07,TRY,-1.805555555555554,606825,0.6690648219702662,431999989,TRY,5.366223908918407,1.3175,TRY,,0.399638888888889,Çeşitli Hizmetler,Derecelendirme yok
ATSYH,ATLANTİS YATIRIM HOLDİNG A.Ş.,115,TRY,-3.361344537815126,30653,0.5246366840045116,952000000,TRY,,-0.9099,TRY,49.008069939475455,0,Çeşitli Hizmetler,Derecelendirme yok
AVGYO,AVRASYA GAYRİMENKUL YATIRIM ORTAKLIĞI A.Ş.,13.87,TRY,3.5074626865671554,1274925,0.32991623516260005,1495439937,TRY,,-0.7204,TRY,-4630.817610062893,0,Finans,Derecelendirme yok
AVHOL,AVRUPA YATIRIM HOLDİNG A.Ş.,37.58,TRY,1.842818428184281,1835966,0.9155147721742183,1374525057,TRY,,-21.9084,TRY,-210.95950771100814,0,Sağlık hizmetleri,Derecelendirme yok
AVOD,A.V.O.D. KURUTULMUŞ GIDA VE TARIM ÜRÜNLERİ SANAYİ TİCARET A.Ş.,3.82,TRY,-0.5208333333333338,5995112,1.5040344122665612,1036799976.9999999,TRY,,-0.5679,TRY,41.00353210056099,0,Dayanıklı olmayan tüketici ürünleri,Derecelendirme yok
AVPGY,Avrupakent Gayrimenkul Yatirim Ortakligi SA,51.75,TRY,-1.3346043851286995,767760,1.8058546326536133,20864668887,TRY,10.498874033799273,4.9291,TRY,,9.53288846520496,Finans,Güçlü al
AVTUR,AVRASYA PETROL VE TURİSTİK TESİSLER YATIRIMLAR A.Ş.,12.95,TRY,-5.886627906976748,1100482,1.3316099360901479,619200000,TRY,9.40040650406504,1.3776,TRY,152.6315789473684,0,Çeşitli Hizmetler,Derecelendirme yok
AYCES,ALTIN YUNUS ÇEŞME TURİSTİK TESİSLER A.Ş.,464,TRY,-0.053850296176628974,60158,0.48569195642836616,11606250000,TRY,,-3.2509,TRY,-1007.2547683923706,0,Tüketici hizmetleri,Derecelendirme yok
AYDEM,AYDEM YENİLENEBİLİR ENERJİ A.Ş.,23.5,TRY,1.9080659150043422,1978594,0.8833412741725336,16257299623,TRY,,-3.8395,TRY,78.66079020936267,0,"Elektrik, Su, Gaz Hizmetleri",Derecelendirme yok
AYEN,AYEN ENERJİ A.Ş.,33.34,TRY,4.579673776662498,1530611,1.8843486554261242,8846701713,TRY,37.54927356684311,0.8879,TRY,-46.80047932893949,2.44991530740276,"Elektrik, Su, Gaz Hizmetleri",Derecelendirme yok
AYES,AYES ÇELİK HASIR VE ÇİT SANAYİ A.Ş.,28.32,TRY,7.598784194528875,944612,11.205401679958529,3947999954,TRY,4.123471170646476,6.868,TRY,1742.7689830963243,1.34096124620061,Üretici imalatı,Derecelendirme yok
AYGAZ,AYGAZ A.Ş.,267.5,TRY,4.390243902439024,1583500,1.275304341495174,56323946285,TRY,11.652726955915664,22.956,TRY,138.42462765625973,4.89756097560976,"Elektrik, Su, Gaz Hizmetleri",Al
AZTEK,AZTEK TEKNOLOJİ ÜRÜNLERİ TİCARET A.Ş.,4.36,TRY,-0.6833712984054525,2920780,0.4007028206582212,4389999866,TRY,,-3.7422,TRY,-2038.963730569948,3.09496583143508,Dağıtım servisleri,Derecelendirme yok
BAGFS,BAGFAŞ BANDIRMA GÜBRE FABRİKALARI A.Ş.,24.12,TRY,0.5000000000000042,955886,0.8942342701710386,3240000000,TRY,,-2.2315,TRY,-291.16765184614064,0,İşlenebilen endüstriler,Derecelendirme yok
BAHKM,Bahadir Kimya Sanayi Ve Ticaret Anonim Sirketi,124.8,TRY,1.2165450121654502,539598,0.9767073617508685,6781500168,TRY,,-4.3396,TRY,-265.1939745855424,0,İşlenebilen endüstriler,Derecelendirme yok
BAKAB,BAK AMBALAJ SANAYİ VE TİCARET A.Ş.,45.32,TRY,-2.6214009454232894,406637,1.0407794334487803,3330522366,TRY,,-0.3995,TRY,92.83125179443009,0,İşlenebilen endüstriler,Derecelendirme yok
BALAT,BALATACILAR BALATACILIK SANAYİ VE TİCARET A.Ş.,75.75,TRY,3.625170998632019,20777,0.664207231889108,1014517352,TRY,,-1.0353,TRY,-159.0192644483363,0,Üretici imalatı,Derecelendirme yok
BALSU,Balsu Gida Sanayi ve Ticaret Anonim Sirketi,14.24,TRY,0.14064697609001106,45849760,0.85462436673797,15812640297,TRY,,,,,0,Dayanıklı olmayan tüketici ürünleri,Derecelendirme yok
BANVT,BANVİT BANDIRMA VİTAMİNLİ YEM SANAYİİ A.Ş.,154.2,TRY,-0.2587322121604177,63966,0.3065113169981384,15463645279,TRY,,-38.7514,TRY,-244.00104048605567,0,İşlenebilen endüstriler,Derecelendirme yok
BARMA,BAREM AMBALAJ SANAYİ VE TİCARET A.Ş.,18.31,TRY,-9.980334316617508,139925,0.49091788751462945,5339250040,TRY,,-0.1931,TRY,-132.48654104979812,0,İşlenebilen endüstriler,Derecelendirme yok
BASCM,BAŞTAŞ BAŞKENT ÇİMENTO SANAYİ VE TİCARET A.Ş.,13.2,TRY,-0.22675736961452106,93861,1.0870348215723031,8731799698,TRY,22.22222222222222,0.594,TRY,,0,Enerji-dışı mineraller,Derecelendirme yok
BASGZ,BAŞKENT DOĞALGAZ DAĞITIM GAYRİMENKUL YATIRIM ORTAKLIĞI A.Ş.,45.02,TRY,1.1685393258427037,368314,1.1241979367799286,31150000000,TRY,9.742901662049862,4.6208,TRY,7.04969303834126,4.49438202247191,"Elektrik, Su, Gaz Hizmetleri",Derecelendirme yok
BAYRK,BAYRAK EBT TABAN SANAYİ VE TİCARET A.Ş.,4.17,TRY,-0.9501187648456066,3474555,0.5802428992427537,1052499945,TRY,,-0.6637,TRY,-19.43494691380241,0,Dayanıklı olmayan tüketici ürünleri,Derecelendirme yok
BEGYO,Bati Ege Gayrimenkul Yatirim Ortakligi A.S.,3.45,TRY,-0.28901734104045623,3690468,0.6305883827645381,2819900031,TRY,,-0.3968,TRY,-131.8101651434985,0,Finans,Derecelendirme yok
BERA,BERA HOLDİNG A.Ş.,12.82,TRY,0.5490196078431395,4561532,0.7860770066066711,8239024475,TRY,,-0.7547,TRY,-208.6524618485459,0,Üretici imalatı,Derecelendirme yok
BESLR,Besler Gida Ve Kimya Sanayi Ve Ticaret AS,12.35,TRY,-0.9623095429029751,1481527,0.4897486387368147,8255140176.999999,TRY,14.48170731707317,0.8528,TRY,-51.69366715758469,0,Dayanıklı olmayan tüketici ürünleri,Derecelendirme yok
BESTE,Best Brands Grup Enerji Yatirim as,28.38,TRY,1.5021459227467746,7441430,1.211024092714071,5262211800,TRY,,,,,0,"Elektrik, Su, Gaz Hizmetleri",Derecelendirme yok
BETAE,Beta Enerji ve Teknoloji AS,98.75,TRY,9.96659242761693,25189903,0.8181007039921695,,,,,,,,Üretici imalatı,Derecelendirme yok
BEYAZ,BEYAZ FİLO OTO KİRALAMA A.Ş.,24.06,TRY,-2.8271405492730324,658411,0.3271498213823618,2468262712,TRY,,-0.4483,TRY,-156.92698412698414,1.2154281098546,Perakende satış,Derecelendirme yok
BFREN,BOSCH FREN SİSTEMLERİ SANAYİ VE TİCARET A.Ş.,125.2,TRY,-0.31847133757961105,103757,0.3727889269577012,15388864028,TRY,97.15970821046098,1.2886,TRY,87.43272727272728,0,Üretici imalatı,Derecelendirme yok
BIENY,BİEN YAPI ÜRÜNLERİ SANAYİ TURİZM VE TİCARET A.Ş.,19.92,TRY,-0.6979062811565155,1326021,0.365168117737149,7241659807,TRY,,-2.9885,TRY,44.71167187760162,0,Enerji-dışı mineraller,Derecelendirme yok
BIGCH,BÜYÜK ŞEFLER GIDA TURİZM TEKSTİL DANIŞMANLIK ORGANİZASYON EĞİTİM SANAYİ VE TİCARET A.Ş.,6.55,TRY,-4.657933042212522,7872534,0.8572584821181717,3675449939,TRY,139.36170212765958,0.047,TRY,-66.52421652421653,2.12218340611354,Tüketici hizmetleri,Derecelendirme yok
BIGEN,Birlesim Grup Enerji Yatirimlari AS,104.6,TRY,4.704704704704693,2407220,0.19387653556398385,57642300880,TRY,,-0.0961,TRY,,0,"Elektrik, Su, Gaz Hizmetleri",Derecelendirme yok
BIGTK,Big Medya Teknoloji A.S.,375,TRY,2.459016393442623,538411,0.5343081545428959,12375092972,TRY,354.3083900226757,1.0584,TRY,-35.59693318729463,0,Tüketici hizmetleri,Derecelendirme yok
BIMAS,BİM BİRLEŞİK MAĞAZALAR A.Ş.,382.25,TRY,-0.9073233959818535,7635337,0.7835343144405568,457414646301,TRY,20.779199599908672,18.3958,TRY,34.461410266718325,1.6850291639663,Perakende satış,Güçlü al
BINBN,Bin Ulasim Ve Akilli Sehir Teknolojileri AS,178.5,TRY,1.1904761904761874,170178,0.6358518863927293,19756799316,TRY,,-5.7774,TRY,,0,Ticari hizmetler,Derecelendirme yok
BINHO,1000 Yatirimlar Holding AS,9.52,TRY,0.31612223393044636,35478482,1.6179094257466804,12243523436,TRY,,-4.1012,TRY,-190.51498193667214,0,Teknoloji hizmetleri,Derecelendirme yok
BIOEN,BİOTREND ÇEVRE VE ENERJİ YATIRIMLARI A.Ş.,17.98,TRY,0.44692737430168633,7911949,1.1444422419478741,8949999809,TRY,,-1.6797,TRY,-7.274236811853359,0,"Elektrik, Su, Gaz Hizmetleri",Derecelendirme yok
BIZIM,BİZİM TOPTAN SATIŞ MAĞAZALARI A.Ş.,24.24,TRY,2.973661852166522,446890,1.8440544521975233,1894406681,TRY,,-8.0534,TRY,60.92725834857578,0,Perakende satış,Derecelendirme yok
BJKAS,BEŞİKTAŞ FUTBOL YATIRIMLARI SANAYİ VE TİCARET A.Ş.,1.75,TRY,-1.12994350282486,115345936,0.7045258890136623,7725286777,TRY,,-0.2463,TRY,-127.78028423189713,0,Tüketici hizmetleri,Derecelendirme yok
BLCYT,BİLİCİ YATIRIM SANAYİ VE TİCARET A.Ş.,18.78,TRY,-0.5296610169491413,1577316,1.3595879196584875,1769055864,TRY,17.58097734506647,1.0682,TRY,195.1644100580271,0,İşlenebilen endüstriler,Derecelendirme yok
BLUME,Blume Metal Kimya Anonim Sirketi,32.82,TRY,-1.7365269461077792,3324604,1.5740142053119763,5793572643,TRY,218.8,0.15,TRY,-26.035502958579887,0,Tüketici hizmetleri,Derecelendirme yok
BMSCH,BMS ÇELİK HASIR SANAYİ VE TİCARET A.Ş.,12.07,TRY,-1.227495908346975,737114,0.7046382786924805,1198294875,TRY,,-0.4249,TRY,81.44379421783562,0,Üretici imalatı,Derecelendirme yok
BMSTL,BMS BİRLEŞİK METAL SANAYİ VE TİCARET A.Ş.,44.98,TRY,4.653327128897162,2429100,1.526252024918166,12893999990,TRY,,-0.1753,TRY,20.498866213151924,0,Üretici imalatı,Derecelendirme yok
BNTAS,BANTAŞ BANDIRMA AMBALAJ SANAYİ TİCARET A.Ş.,6.21,TRY,-1.1146496815286668,2376763,0.5778661609724163,1518975051,TRY,6.289244480453717,0.9874,TRY,-1.5062344139650765,0,İşlenebilen endüstriler,Derecelendirme yok
BOBET,BOĞAZİÇİ BETON SANAYİ VE TİCARET A.Ş.,17.73,TRY,-1.7728531855955694,7773543,3.182484367797768,6858999710,TRY,,-3.5017,TRY,-793.0629941341494,3.18559556786704,Enerji-dışı mineraller,Derecelendirme yok
BORLS,Borlease Otomotiv AS,5.6,TRY,-1.0600706713781005,4204897,0.9284840445216908,3961999893,TRY,,-4.9068,TRY,-110.43873568640903,0,Finans,Derecelendirme yok
BORSK,Bor Seker A.S.,5.61,TRY,-1.2323943661971726,3011433,0.2848353833818696,5447659269,TRY,,-0.4072,TRY,-368.0710994075049,3.66783450704225,İşlenebilen endüstriler,Derecelendirme yok
BOSSA,BOSSA TİCARET VE SANAYİ İŞLETMELERİ T.A.Ş.,6.21,TRY,-0.32102728731942953,2393002,0.4693374343675891,8085474567,TRY,29.927710843373497,0.2075,TRY,9.96290408055113,0,İşlenebilen endüstriler,Derecelendirme yok
BRISA,BRİSA BRIDGESTONE SABANCI LASTİK SANAYİ VE TİCARET A.Ş.,78.85,TRY,0.9603072983354675,133348,0.9348137284730235,23829628044,TRY,,-1.4395,TRY,-248.34089035449298,2.72676056338028,Dayanıklı tüketim malları,Güçlü al
BRKO,BİRKO BİRLEŞİK KOYUNLULULAR MENSUCAT TİCARET VE SANAYİ A.Ş.,10.5,TRY,-1.8691588785046664,278265,0.6155816385380011,1497999973,TRY,10.013351134846463,1.0486,TRY,404.6198267564966,0,Dayanıklı tüketim malları,Derecelendirme yok
BRKSN,BERKOSAN YALITIM VE TECRİT MADDELERİ ÜRETİM VE TİCARET A.Ş.,8.07,TRY,1.5094339622641522,515491,1.4621580922574073,744119970,TRY,28.86266094420601,0.2796,TRY,,0,İşlenebilen endüstriler,Derecelendirme yok
BRKVY,BİRİKİM VARLIK YÖNETİM A.Ş.,75.5,TRY,-0.527009222661404,202845,0.9614833135754742,4250400085,TRY,11.315947242206235,6.672,TRY,21.271606957849396,0.695353096179183,Finans,Derecelendirme yok
BRLSM,BİRLEŞİM MÜHENDİSLİK ISITMA SOĞUTMA HAVALANDIRMA SANAYİ VE TİCARET A.Ş.,16.7,TRY,9.940750493745885,11101605,2.2126458184379083,3402559906,TRY,,-1.3583,TRY,-168.34901625320785,0,Enerji-dışı mineraller,Derecelendirme yok
BRMEN,BİRLİK MENSUCAT TİCARET VE SANAYİ İŞLETMESİ A.Ş.,18,TRY,-2.7027027027027026,160436,0.45632649717732643,1651199665,TRY,,-0.4671,TRY,-198.27586206896552,0,İşlenebilen endüstriler,Derecelendirme yok
BRSAN,BORUSAN MANNESMANN BORU SANAYİ VE TİCARET A.Ş.,575.5,TRY,4.162895927601809,1933782,1.3338624319646575,78328795700,TRY,44.59097178100448,12.9062,TRY,,0,Enerji-dışı mineraller,Derecelendirme yok
BRYAT,BORUSAN YATIRIM VE PAZARLAMA A.Ş.,1771,TRY,2.3699421965317917,49511,1.204562208505969,47499070301,TRY,10.932280970114935,161.9973,TRY,109.35888588199718,9.60380410404624,Çeşitli Hizmetler,Derecelendirme yok
BSOKE,BATISÖKE SÖKE ÇİMENTO SANAYİİ T.A.Ş.,35.7,TRY,2.2336769759450203,7749719,1.9895206223856887,55865321690,TRY,,-0.6797,TRY,-281.0602024507192,0,Enerji-dışı mineraller,Derecelendirme yok
BTCIM,BATIÇİM BATI ANADOLU ÇİMENTO SANAYİİ A.Ş.,4.92,TRY,-0.40485829959515096,109668095,0.8177161377760991,27548129821,TRY,,-0.1533,TRY,-132.41700148022838,0,Enerji-dışı mineraller,Derecelendirme yok
BUCIM,BURSA ÇİMENTO FABRİKASI A.Ş.,5.04,TRY,-0.3952569169960391,2164220,0.8759124914764993,7547332107,TRY,,-0.5004,TRY,-626.2699564586355,1.31752964426878,Enerji-dışı mineraller,Derecelendirme yok
BULGS,Bulls Girisim Sermayesi Yatirim Ortakligi Anonim Sirketi,38.06,TRY,-0.782064650677782,3366731,0.9448818212580259,10280480164,TRY,5.669765224645454,6.7128,TRY,,0,Finans,Derecelendirme yok
BURCE,BURÇELİK BURSA ÇELİK DÖKÜM SANAYİİ A.Ş.,38,TRY,1.0638297872340388,5284263,1.7335188014278509,3167423791,TRY,,-1.3271,TRY,-568.4433462760325,0,Enerji-dışı mineraller,Derecelendirme yok
BURVA,BURÇELİK VANA SANAYİ VE TİCARET A.Ş.,930,TRY,9.026963657678781,51071,1.7547156845902765,6267564204,TRY,,-4.8076,TRY,-257.3837038007005,0,Üretici imalatı,Derecelendirme yok
BVSAN,BÜLBÜLOĞLU VİNÇ SANAYİ VE TİCARET A.Ş.,110.6,TRY,-1.4260249554367277,422170,0.8593721374278886,4218719714,TRY,529.6934865900382,0.2088,TRY,-98.12868012798107,0.856147058823529,Üretici imalatı,Derecelendirme yok
BYDNR,Baydoner Restoranlari A.S.,38.28,TRY,-1.1874032008260216,1280472,1.4293681351433773,3254160141,TRY,,-0.9811,TRY,60.65685527529374,1.840505937016,Tüketici hizmetleri,Derecelendirme yok
CANTE,ÇAN2 TERMİK A.Ş.,1.18,TRY,-1.6666666666666683,220971250,0.7997567169537013,11999996961,TRY,,-0.2782,TRY,-14.250513347022592,0,"Elektrik, Su, Gaz Hizmetleri",Derecelendirme yok
CASA,CASA EMTİA PETROL KİMYEVİ VE TÜREVLERİ SANAYİ TİCARET A.Ş.,68.95,TRY,0,12832,0.49342079965546676,337854992,TRY,,-57.5449,TRY,-277.73553203383915,0,Dağıtım servisleri,Derecelendirme yok
CATES,Cates Elektrik Uretim Anonim Sirketi,49.32,TRY,0.9414654113794533,2753995,0.7744027429091265,8071671952,TRY,6.247783126425133,7.894,TRY,,0,"Elektrik, Su, Gaz Hizmetleri",Derecelendirme yok
CCOLA,COCA-COLA İÇECEK A.Ş.,87.95,TRY,0.8600917431192661,4069090,0.7507119244621555,243992446539,TRY,14.080560981076495,6.2462,TRY,40.9531976350589,1.63990825688073,Dayanıklı olmayan tüketici ürünleri,Güçlü al
CELHA,ÇELİK HALAT VE TEL SANAYİİ A.Ş.,25.6,TRY,-3.7593984962406015,4618973,1.3630189118430267,10254291218,TRY,,-2.5812,TRY,-77.78083890075074,0,Enerji-dışı mineraller,Derecelendirme yok
CEMAS,ÇEMAŞ DÖKÜM SANAYİ A.Ş.,4.15,TRY,0,11168006,1.2907530377234553,3282649316,TRY,,-1.7229,TRY,-212.45919477693144,0,Enerji-dışı mineraller,Derecelendirme yok
CEMTS,ÇEMTAŞ ÇELİK MAKİNA SANAYİ VE TİCARET A.Ş.,8.78,TRY,-1.2373453318335343,1080331,0.5036838781771747,4445000172,TRY,,-0.4465,TRY,12.656494522691702,3.37457817772778,Enerji-dışı mineraller,Derecelendirme yok
CEMZY,CEM ZEYTIN ANONIM SIRKETI,12.6,TRY,-0.39525691699605303,12122328,0.6288219207801883,29094999123,TRY,,-0.0716,TRY,4.533333333333333,0,Dayanıklı olmayan tüketici ürünleri,Derecelendirme yok
CEOEM,CEO EVENT MEDYA A.Ş.,23.36,TRY,0.7765314926660902,837829,0.804769395154799,1019920013,TRY,,-0.039,TRY,-118.37023080546396,0,Tüketici hizmetleri,Derecelendirme yok
CGCAM,Cagdas Cam Sanayi ve Ticaret AS,40.16,TRY,-2.0487804878048865,3032461,1.0845613592981438,6888000000,TRY,14.68319257065555,2.7351,TRY,137.25711311589174,0,Dayanıklı tüketim malları,Derecelendirme yok
CIMSA,ÇİMSA ÇİMENTO SANAYİ VE TİCARET A.Ş.,44.74,TRY,-2.1862702229995628,13321144,1.4837485125918897,43251339667,TRY,12.51748643052991,3.5742,TRY,39.82473984821218,1.61844774814167,Enerji-dışı mineraller,Güçlü al
CLEBI,ÇELEBİ HAVA SERVİSİ A.Ş.,1451,TRY,-1.023192360163711,23298,0.7595803365914411,35623798882,TRY,11.200524903992743,129.5475,TRY,-11.358569886101588,7.02592087312415,Taşımacılık,Derecelendirme yok
CMBTN,ÇİMBETON HAZIRBETON VE PREFABRİK YAPI ELEMANLARI SANAYİ VE TİCARET A.Ş.,1532,TRY,-0.5194805194805194,11481,0.3292656695871632,2725799971,TRY,,-210.3603,TRY,-316.06894914851955,0,Enerji-dışı mineraller,Derecelendirme yok
CMENT,ÇİMENTAŞ İZMİR ÇİMENTO FABRİKASI T.A.Ş.,278.25,TRY,-0.5361930294906166,3669,1.001720042591531,24224170429,TRY,37.69456900172047,7.3817,TRY,-24.072988346139198,0,Enerji-dışı mineraller,Derecelendirme yok
CONSE,CONSUS ENERJİ İŞLETMECİLİĞİ VE HİZMETLERİ A.Ş.,2.26,TRY,-0.8771929824561412,5646317,0.4082706595445396,1757879978,TRY,15.68355308813324,0.1441,TRY,-36.43581826202029,0,"Elektrik, Su, Gaz Hizmetleri",Derecelendirme yok
COSMO,COSMOS YATIRIM HOLDİNG A.Ş.,117.4,TRY,0.9458297506448913,45546,0.9059031085846582,804509710,TRY,,,,,0,Dağıtım servisleri,Derecelendirme yok
CRDFA,CREDITWEST FAKTORİNG A.Ş.,37.82,TRY,-9.995240361732515,3280516,1.7111366153230823,12606000137,TRY,9.27506376299784,4.0776,TRY,657.7773648020815,0,Finans,Derecelendirme yok
CRFSA,CARREFOURSA CARREFOUR SABANCI TİCARET MERKEZİ A.Ş.,174,TRY,-1.1363636363636365,912008,0.7793807071296728,22488182739,TRY,,-53.8561,TRY,-87.02112734748304,0,Perakende satış,Derecelendirme yok
CUSAN,ÇUHADAROĞLU METAL SANAYİ VE PAZARLAMA A.Ş.,23.64,TRY,-1.4999999999999978,527338,0.2777752318199915,1710000000,TRY,,-6.1424,TRY,-87.93293354546567,0,Enerji-dışı mineraller,Derecelendirme yok
CVKMD,CVK MADEN İŞLETMELERİ SANAYİ VE TİCARET A.Ş.,15.21,TRY,-60.49350649350649,89163882,7.711958371491773,20842934818,TRY,,-0.0198,TRY,-102.0066889632107,0,Enerji-dışı mineraller,Derecelendirme yok
CWENE,CW ENERJİ MÜHENDİSLİK TİCARET VE SANAYİ A.Ş.,44.2,TRY,7.438016528925625,180672691,4.0769588617193895,44360851549,TRY,16.43794860351817,2.6889,TRY,509.58966220811607,0,Elektronik teknoloji,Derecelendirme yok
DAGI,DAGİ GİYİM SANAYİ VE TİCARET A.Ş.,9.36,TRY,-0.10672358591248439,8077339,0.7498038310703566,3747999954,TRY,,-0.2873,TRY,35.53960062822526,0,Dayanıklı olmayan tüketici ürünleri,Derecelendirme yok
DAPGM,DAP GAYRİMENKUL GELİŞTİRME A.Ş.,8.6,TRY,-1.1494252873563178,57301489,0.31634104894497483,23054999495,TRY,28.762541806020067,0.299,TRY,-10.479041916167674,0,Finans,Derecelendirme yok
DARDL,DARDANEL ÖNENTAŞ GIDA SANAYİ A.Ş.,1.64,TRY,-0.6060606060606066,18425784,0.8341843122643535,3868255352,TRY,,-1.1848,TRY,-546.0196292257361,0,Dayanıklı olmayan tüketici ürünleri,Derecelendirme yok
DCTTR,DCT Trading Dis Ticaret Anonim Sirketi,9.37,TRY,-9.990393852065331,18687369,2.7289058009138776,4059453271,TRY,,-0.8442,TRY,-1304.6589018302827,0,Dağıtım servisleri,Derecelendirme yok
DENGE,DENGE YATIRIM HOLDİNG A.Ş.,2.31,TRY,-2.941176470588229,13685062,0.8504585610148517,1428000069,TRY,,-0.4656,TRY,15.175806157770092,0,Finans,Derecelendirme yok
DERHL,DERLÜKS YATIRIM HOLDİNG A.Ş.,10.4,TRY,0.19267822736030416,5534013,1.4795085209358072,2047780190,TRY,,-0.0276,TRY,-110.69352963967457,0,Dayanıklı olmayan tüketici ürünleri,Derecelendirme yok
DERIM,DERİMOD KONFEKSİYON AYAKKABI DERİ SANAYİ VE TİCARET A.Ş.,33.8,TRY,-2.1424435437174347,553443,1.931391715413014,1865160049,TRY,18.62258953168044,1.815,TRY,5.763067420313501,0,Dayanıklı olmayan tüketici ürünleri,Derecelendirme yok
DESA,DESA DERİ SANAYİ VE TİCARET A.Ş.,9.62,TRY,1.4767932489451348,2439609,1.026472076957354,4645199776,TRY,8.616983160157648,1.1164,TRY,32.19656601539372,2.53266877637131,Dayanıklı olmayan tüketici ürünleri,Güçlü al
DESPC,DESPEC BİLGİSAYAR PAZARLAMA VE TİCARET A.Ş.,39.66,TRY,-1.7830609212481574,568694,0.25900629072662984,928740025,TRY,,-3.2729,TRY,-306.21888979900444,0,Dağıtım servisleri,Derecelendirme yok
DEVA,DEVA HOLDİNG A.Ş.,68.05,TRY,-1.661849710982667,315240,0.6450844540049108,13839337341,TRY,,-4.782,TRY,-308.48410864542006,0,Sağlık teknolojisi,Derecelendirme yok
DGATE,DATAGATE BİLGİSAYAR MALZEMELERİ TİCARET A.Ş.,112.3,TRY,1.5370705244122993,587106,0.9658105569861886,3300520831,TRY,49.362637362637365,2.275,TRY,,0,Dağıtım servisleri,Derecelendirme yok
DGGYO,DOĞUŞ GAYRİMENKUL YATIRIM ORTAKLIĞI A.Ş.,35.58,TRY,-3.7337662337662407,149697,1.0699658776254715,12271007318,TRY,,-0.136,TRY,-108.4262701363073,0,Finans,Derecelendirme yok
DGNMO,DOĞANLAR MOBİLYA GRUBU İMALAT SANAYİ VE TİCARET A.Ş.,8.78,TRY,-1.2373453318335343,2632102,0.4690546754705825,3111186225,TRY,,-6.4007,TRY,-207.99249350399384,0,Dayanıklı tüketim malları,Derecelendirme yok
DIRIT,DİRİTEKS DİRİLİŞ TEKSTİL SANAYİ VE TİCARET A.Ş.,22.28,TRY,1.18074477747503,57768,0.5223736859952526,234512996,TRY,,-14.8834,TRY,-435.03061408247794,0,İşlenebilen endüstriler,Derecelendirme yok
DITAS,DİTAŞ DOĞAN YEDEK PARÇA İMALAT VE TEKNİK A.Ş.,25,TRY,2.796052631578946,1964514,0.3365520350108929,4134399948,TRY,,-1.5059,TRY,3.5730293910482214,0,Üretici imalatı,Derecelendirme yok
DMLKT,Emlak Konut Gayrimenkul Yatirim Ortakligi A.S. 0 % Certificates 2025-31.12.2199,6.03,TRY,-0.16556291390728123,5343416,0.9020230719639529,67730726685,TRY,,,,,,Finans,Derecelendirme yok
DMRGD,DMR Unlu Mamuller Uretim Gida Toptan Perakende Ihracat A.S.,10.85,TRY,-3.038427167113493,39820575,1.2651258311025169,16588055650.999998,TRY,129.32061978545886,0.0839,TRY,-29.018612521150587,0,Dayanıklı olmayan tüketici ürünleri,Derecelendirme yok
DMSAS,DEMİSAŞ DÖKÜM EMAYE MAMÜLLERİ SANAYİİ A.Ş.,8.03,TRY,-1.7135862913096767,1927067,0.5100242751998468,1634000015,TRY,,-0.9462,TRY,-30.043980208905996,0,Üretici imalatı,Derecelendirme yok
DNISI,DİNAMİK ISI MAKİNA YALITIM MALZEMELERİ SANAYİ VE TİCARET A.Ş.,19.6,TRY,-1.8036072144288546,684798,1.0395835338474306,2389771012,TRY,63.4920634920635,0.3087,TRY,,0,İşlenebilen endüstriler,Derecelendirme yok
DOAS,DOĞUŞ OTOMOTİV SERVİS VE TİCARET A.Ş.,191.8,TRY,2.0212765957446868,1017515,1.244443047481743,37224000000,TRY,14.555775637668953,13.1769,TRY,-35.270596210621456,19.8259186170213,Perakende satış,Al
DOFER,Dofer Yapi Maizemeleri Sanayi ve Ticaret A.S.,27.84,TRY,-0.42918454935622674,500927,0.9895104508321395,1558769949,TRY,,,,,0.679266809728183,Enerji-dışı mineraller,Derecelendirme yok
DOFRB,DOF Robotik Sanayi Anonim Sirketi,133.2,TRY,-1.1869436201780583,2354620,0.4548754571197749,20894000000,TRY,,,,,0,Üretici imalatı,Derecelendirme yok
DOGUB,DOĞUSAN BORU SANAYİİ VE TİCARET A.Ş.,76.7,TRY,0.3926701570680591,261700,0.8807657849585263,2979600060,TRY,,-0.855,TRY,24.316190138974946,0,Enerji-dışı mineraller,Derecelendirme yok
DOHOL,DOĞAN ŞİRKETLER GRUBU HOLDİNG A.Ş.,21.08,TRY,2.2308438409311218,8727034,0.8390428710779627,36219549995,TRY,18.706185109592685,1.1269,TRY,6.572725553243817,1.48251212415131,Perakende satış,Güçlü al
DOKTA,DÖKTAŞ DÖKÜMCÜLÜK TİCARET VE SANAYİ A.Ş.,21.1,TRY,-0.37771482530688527,258640,0.721167653634306,6862320099,TRY,,-2.7795,TRY,-40.49231702385767,0,Üretici imalatı,Derecelendirme yok
DSTKF,DESTEK FAKTORİNG A.Ş.,1628,TRY,0.5558987029030266,1205534,0.7731502093250766,539666683135.99994,TRY,111.07320734120215,14.657,TRY,88.01390510153033,0,Finans,Derecelendirme yok
DUNYH,Dunya Holding Anonim Sirketi,151,TRY,-2.5806451612903225,392181,0.4220519368570243,5693506470,TRY,6.899892160625834,21.8844,TRY,174.5433560818948,0,Dayanıklı olmayan tüketici ürünleri,Derecelendirme yok
DURDO,DURAN DOĞAN BASIM VE AMBALAJ SANAYİ A.Ş.,5.1,TRY,1.9999999999999927,1992151,0.7176480967322056,2500000000,TRY,,-0.5511,TRY,42.026088786029874,0,İşlenebilen endüstriler,Derecelendirme yok
DURKN,Durukan Sekerleme Sanayi ve Ticaret AS,19.02,TRY,8.068181818181808,2101821,1.0641804578461818,2332000051,TRY,52.628666297731044,0.3614,TRY,,0.371568181818182,Dayanıklı olmayan tüketici ürünleri,Derecelendirme yok
DYOBY,DYO BOYA FABRİKALARI SANAYİ VE TİCARET A.Ş.,12.61,TRY,-1.1755485893416957,986169,0.7035493546968318,3828000069,TRY,,-1.1796,TRY,-201.37966274910576,0,İşlenebilen endüstriler,Derecelendirme yok
DZGYO,DENİZ GAYRİMENKUL YATIRIM ORTAKLIĞI A.Ş.,7.1,TRY,-1.5256588072122097,867149,0.42859694650210256,2884000015,TRY,11.277001270648029,0.6296,TRY,-38.9922480620155,0,Finans,Derecelendirme yok
EBEBK,EBEBEK MAGAZACILIK ANONIM SIRKETI,88.45,TRY,-2.5881057268722403,475949,0.9726930093073807,14528000488,TRY,78.72719181130397,1.1235,TRY,3304.5454545454545,1.10132158590308,Perakende satış,Derecelendirme yok
ECILC,EİS ECZACIBAŞI İLAÇ SINAİ VE FİNANSAL YATIRIMLAR SANAYİ VE TİCARET A.Ş.,68.95,TRY,-1.2884753042233237,3468955,1.1353247407979647,47865414900,TRY,,-0.8917,TRY,-129.65512654228607,2.50702934860415,Sağlık teknolojisi,Derecelendirme yok
ECOGR,Ecogreen Enerji Holding A.S.,34.4,TRY,0.6436512580456374,7275466,0.2834931532235693,18457200000,TRY,,,,,0,"Elektrik, Su, Gaz Hizmetleri",Derecelendirme yok
ECZYT,ECZACIBAŞI YATIRIM HOLDİNG ORTAKLIĞI A.Ş.,322,TRY,-0.9230769230769231,257486,0.41933406130427314,34125000000,TRY,,-0.2927,TRY,-104.05042621498947,1.75824184615385,Finans,Derecelendirme yok
EDATA,E-DATA TEKNOLOJİ PAZARLAMA A.Ş.,19.15,TRY,4.644808743169388,10069762,2.997443539941238,7344247417,TRY,,-0.18,TRY,-113.27014218009477,0,Ticari hizmetler,Derecelendirme yok
EDIP,EDİP GAYRİMENKUL YATIRIM SANAYİ VE TİCARET A.Ş.,38.88,TRY,5.308775731310945,3971841,4.289606004652011,2399799881,TRY,4.583392276135239,8.4828,TRY,-40.487031437451336,0,Finans,Derecelendirme yok
EFOR,Efor Yatirim Sanayi Ticaret A.S.,18.35,TRY,1.9444444444444524,136278854,1.7185009481468627,39204000000,TRY,13.156951315695132,1.3947,TRY,949.4356659142213,0.127538888888889,Dayanıklı olmayan tüketici ürünleri,Derecelendirme yok
EGEEN,EGE ENDÜSTRİ VE TİCARET A.Ş.,5230,TRY,-0.6647673314339981,6477,0.7998271178068659,16584750501.999998,TRY,,-82.1651,TRY,-142.58702171616704,1.00664767331434,Üretici imalatı,Derecelendirme yok
EGEGY,Egeyapi Avrupa Gayrimenkul Yatirim Ortakligi A.S.,29.12,TRY,0,1134462,0.37861295462359473,5824000168,TRY,4.919334403243517,5.9195,TRY,2119.5350581177354,1.03021978021978,Finans,Derecelendirme yok
EGEPO,NASMED ÖZEL SAĞLIK HİZMETLERİ TİCARET A.Ş.,18.65,TRY,1.9125683060109173,2767298,0.9195361278638954,9149999619,TRY,,-0.1188,TRY,-10000.000000000002,0,Sağlık hizmetleri,Derecelendirme yok
EGGUB,EGE GÜBRE SANAYİİ A.Ş.,94.95,TRY,0.052687038988405856,361598,0.9842883196777091,9490000153,TRY,14.088373197222387,6.7396,TRY,44.80684113274032,2.63435194942044,İşlenebilen endüstriler,Derecelendirme yok
EGPRO,EGE PROFİL TİCARET VE SANAYİ A.Ş.,33.9,TRY,0.5934718100890081,682963,0.8171651305004471,18366500416,TRY,15.14745308310992,2.238,TRY,77.98632097979957,3.81128783382789,İşlenebilen endüstriler,Derecelendirme yok
EGSER,EGE SERAMİK SANAYİ VE TİCARET A.Ş.,2.84,TRY,3.649635036496337,5835626,1.907228001104144,1972800007,TRY,,-1.1537,TRY,-1.2817136335703578,0,Üretici imalatı,Derecelendirme yok
EKDMR,Ekinciler Demir ve Celik Sanayi AS,47.22,TRY,0,8716834,0.46629288455015044,15110400000,TRY,,,,,0,Enerji-dışı mineraller,Derecelendirme yok
EKIM,EKİM TURİZM TİCARET VE SANAYİ A.Ş.,18.37,TRY,-2.28723404255319,18731772,0.716617399832218,,,,,,,,Finans,Derecelendirme yok
EKIZ,EKİZ KİMYA SANAYİ VE TİCARET A.Ş.,66.95,TRY,-1.9047619047619007,5599,0.43151550650471665,633665051,TRY,,-6.6169,TRY,-139.7230093170685,0,İşlenebilen endüstriler,Derecelendirme yok
EKOS,Ekos Teknoloji ve Elektrik AS,5.43,TRY,-1.4519056261343026,6522480,0.7719553290183709,6171200256,TRY,,-0.4132,TRY,-692.8263988522239,0,Üretici imalatı,Derecelendirme yok
EKSUN,EKSUN GIDA TARIM SANAYİ VE TİCARET A.Ş.,6.01,TRY,-0.33167495854063783,2028116,0.268384415713104,3612012819,TRY,,-0.374,TRY,62.55131671172525,0,İşlenebilen endüstriler,Derecelendirme yok
ELITE,ELİTE NATUREL ORGANİK GIDA SANAYİ VE TİCARET A.Ş.,28.6,TRY,-0.41782729805013036,670258,0.7305670396937625,3722112086,TRY,20.60667195042871,1.3879,TRY,-58.88069208662934,0.174094707520891,Dayanıklı olmayan tüketici ürünleri,Derecelendirme yok
EMKEL,EMEK ELEKTRİK ENDÜSTRİSİ A.Ş.,18.36,TRY,0.32786885245900943,3361009,0.9906138337952466,2744999886,TRY,111.88299817184644,0.1641,TRY,,0,Üretici imalatı,Derecelendirme yok
EMNIS,EMİNİŞ AMBALAJ SANAYİ VE TİCARET A.Ş.,164.9,TRY,-4.127906976744183,8163,1.1561012916383413,1066399967.0000001,TRY,,-1.2553,TRY,69.45444812147169,0,İşlenebilen endüstriler,Derecelendirme yok
EMPAE,Empa Elektronik Sanayi ve Ticaret A.S.,69.15,TRY,9.936406995230536,11175014,1.0726622411605662,10693000000,TRY,,,,,0.158982511923688,Elektronik teknoloji,Derecelendirme yok
ENDAE,Enda Enerji Holding Anonim Sirketi,15.22,TRY,-0.45781556572922505,1523650,0.4965449123268183,6684744308,TRY,,,,,0,Finans,Derecelendirme yok
ENERY,Enerya Enerji A.S.,8.47,TRY,-3.1999999999999926,29410624,0.9020593230821784,76906903076,TRY,14.535781705852068,0.5827,TRY,-72.00710991544965,0.126971428571429,"Elektrik, Su, Gaz Hizmetleri",Derecelendirme yok
ENJSA,ENERJİSA ENERJİ A.Ş.,113,TRY,3.1963470319634704,5531308,1.3326948511957144,129327038818,TRY,26.39138659878086,4.2817,TRY,,4.63926940639269,"Elektrik, Su, Gaz Hizmetleri",Derecelendirme yok
ENKAI,ENKA İNŞAAT VE SANAYİ A.Ş.,87.1,TRY,1.4560279557367501,15550329,1.532599127769491,503242965860,TRY,14.304953356983313,6.0888,TRY,49.616669942991926,4.75635760046593,Endüstriyel hizmetler,Al
ENPRA,Enpara Bank A.S.,55.5,TRY,-3.5621198957428275,48593,0.9188601467362529,,,,,,,,Finans,Derecelendirme yok
ENSRI,ENSARİ DERİ GIDA SANAYİ VE TİCARET A.Ş.,5.32,TRY,-0.37453183520598454,31307451,1.2832692295474355,2910647522,TRY,,-0.1386,TRY,-137.91028446389498,0,Dayanıklı olmayan tüketici ürünleri,Derecelendirme yok
ENTRA,IC Enterra Yenilenebilir Enerji AS,4.93,TRY,2.0703933747411933,63905992,0.9093975099293943,19515856428,TRY,,-0.1753,TRY,-259.3636363636364,0,"Elektrik, Su, Gaz Hizmetleri",Güçlü al
EPLAS,EGEPLAST EGE PLASTİK TİCARET VE SANAYİ A.Ş.,5.31,TRY,-1.8484288354898435,4425238,0.8227636052309543,1031228306,TRY,,-0.7342,TRY,60.28130916959697,0,Üretici imalatı,Derecelendirme yok
ERBOS,ERBOSAN ERCİYAS BORU SANAYİİ VE TİCARET A.Ş.,156,TRY,0.06414368184733439,36382,0.5617991408250179,3117999878,TRY,,-2.3644,TRY,85.61065264490372,1.73187940987813,Enerji-dışı mineraller,Derecelendirme yok
ERCB,ERCİYAS ÇELİK BORU SANAYİ A.Ş.,47.8,TRY,-0.8710078805474941,795837,0.6268873489018086,3749058373,TRY,,-2.6378,TRY,-179.51679559181943,0,Enerji-dışı mineraller,Derecelendirme yok
EREGL,EREĞLİ DEMİR VE ÇELİK FABRİKALARI T.A.Ş.,41.98,TRY,0.5749880210828818,89840213,0.7711029117076462,287678898775,TRY,601.4326647564469,0.0698,TRY,-94.35183686680692,1.3176808816483,Enerji-dışı mineraller,Al
ERSU,ERSU MEYVE VE GIDA SANAYİ A.Ş.,22.96,TRY,1.145374449339214,301880,0.8086098141574218,817200027,TRY,,-3.0199,TRY,-395.5530029537249,0,Dayanıklı olmayan tüketici ürünleri,Derecelendirme yok
ESCAR,ESCAR FİLO KİRALAMA HİZMETLERİ A.Ş.,44.74,TRY,-0.4007123775601062,1649525,0.7374577857082545,22459999084,TRY,,-1.547,TRY,-1099.2248062015503,0.801424755120214,Finans,Derecelendirme yok
ESCOM,ESCORT TEKNOLOJİ YATIRIM A.Ş.,5.94,TRY,10,13227652,0.6596934516186634,3806147748,TRY,3.2734486939270364,1.8146,TRY,,0,Elektronik teknoloji,Derecelendirme yok
ESEN,ESENBOĞA ELEKTRİK ÜRETİM A.Ş.,3.33,TRY,-0.8928571428571371,20507308,0.4579335622807467,6115200243,TRY,7.304233384514148,0.4559,TRY,,0,"Elektrik, Su, Gaz Hizmetleri",Derecelendirme yok
ETILR,ETİLER GIDA VE TİCARİ YATIRIMLAR SANAYİ VE TİCARET A.Ş.,5.88,TRY,0.1703577512776795,5082905,0.5434632339876511,1408799973,TRY,,-0.0803,TRY,-134.5971563981043,0,Tüketici hizmetleri,Derecelendirme yok
ETYAT,EURO TREND YATIRIM ORTAKLIĞI A.Ş.,13.24,TRY,-1.1202389843166567,856056,1.6231340630512205,803400021,TRY,,-0.3892,TRY,-171.4086471408647,0,Finans,Derecelendirme yok
EUHOL,EURO YATIRIM HOLDİNG A.Ş.,10.29,TRY,1.8811881188118762,546429,0.8568760496723455,1515000057,TRY,1.4450420592902582,7.1209,TRY,,0,Finans,Derecelendirme yok
EUKYO,EURO KAPİTAL YATIRIM ORTAKLIĞI A.Ş.,12.95,TRY,-1.5209125475285252,896122,0.8889580647478097,788999977,TRY,,-0.3917,TRY,-154.18559377027904,0,Finans,Derecelendirme yok
EUPWR,EUROPOWER ENERJİ VE OTOMASYON TEKNOLOJİLERİ SANAYİ TİCARET A.Ş.,91.4,TRY,0.32930845225028693,13178294,0.6507331653128203,60125998993,TRY,73.4903915735306,1.2437,TRY,154.0236928104575,0,Üretici imalatı,Güçlü al
EUREN,EUROPEN ENDÜSTRİ İNŞAAT SANAYİ VE TİCARET A.Ş.,3.88,TRY,-2.020202020202022,19780469,0.6989256453109093,8316000080,TRY,18.250235183443085,0.2126,TRY,-60.04510430370231,0,Üretici imalatı,Derecelendirme yok
EUYO,EURO MENKUL KIYMET YATIRIM ORTAKLIĞI A.Ş.,5.09,TRY,-0.19607843137254485,1459284,1.2795413276739338,305999994,TRY,,-0.331,TRY,-217.65834932821497,0,Finans,Derecelendirme yok
EYGYO,EYG GAYRİMENKUL YATIRIM ORTAKLIĞI A.Ş.,2.59,TRY,7.0247933884297495,42805682,4.179999950979405,1694000053,TRY,,-0.8573,TRY,-7420.1754385964905,1.18061983471074,Finans,Derecelendirme yok
FADE,FADE GIDA YATIRIM SANAYİ TİCARET A.Ş.,15.45,TRY,0.717079530638849,1659384,0.8562714360183005,1286949261,TRY,26.82757423163744,0.5759,TRY,,0,Dayanıklı olmayan tüketici ürünleri,Derecelendirme yok
FENER,FENERBAHÇE FUTBOL A.Ş.,3.02,TRY,-0.33003300330032304,99251297,1.049917158070048,18937499821,TRY,,-0.5656,TRY,-199.47238832219486,0,Tüketici hizmetleri,Derecelendirme yok
FLAP,FLAP KONGRE TOPLANTI HİZMETLERİ OTOMOTİV VE TURİZM A.Ş.,9.91,TRY,-0.40201005025124775,417695,0.6089241623037625,932812482,TRY,,-0.4215,TRY,-672.6902173913043,0.696814070351759,Tüketici hizmetleri,Derecelendirme yok
FMIZP,FEDERAL-MOGUL İZMİT PİSTON VE PİM ÜRETİM TESİSLERİ A.Ş.,283.75,TRY,-0.08802816901408451,25036,0.5365991666809554,4054608265,TRY,40.298528659887516,7.0412,TRY,15.866381438209643,1.67465809859155,Üretici imalatı,Derecelendirme yok
FONET,FONET BİLGİ TEKNOLOJİLERİ A.Ş.,5.22,TRY,2.958579881656794,23834696,1.1472930775188028,4745520161,TRY,20.32710280373832,0.2568,TRY,73.16250842886042,0,Teknoloji hizmetleri,Derecelendirme yok
FORMT,FORMET METAL VE CAM SANAYİ A.Ş.,1.74,TRY,-1.1363636363636374,12412818,0.6179205480416865,2007448856,TRY,,-0.3815,TRY,-769.2982456140351,0,Enerji-dışı mineraller,Derecelendirme yok
FORTE,FORTE BILGI ILETISIM TEKNOLOJILERI VE SAVUNMA SANAYI A.S.,114.6,TRY,1.5057573073516284,1244183,1.1008694970483075,7564300102,TRY,3.227705315574382,35.5051,TRY,,0,Teknoloji hizmetleri,Derecelendirme yok
FRIGO,FRİGO-PAK GIDA MADDELERİ SANAYİ VE TİCARET A.Ş.,2.19,TRY,1.3888888888888797,38069356,0.9706649211298716,1836000073,TRY,,-0.3146,TRY,-3377.0833333333335,0,Dayanıklı olmayan tüketici ürünleri,Derecelendirme yok
FRMPL,Formul Plastik Ve Metal Sanayi AS,34.74,TRY,5.400485436893207,5002998,1.6740372742633614,5273600000,TRY,,,,,0,Üretici imalatı,Derecelendirme yok
FROTO,FORD OTOMOTİV SANAYİ A.Ş.,80.45,TRY,-0.12414649286156962,29505635,1.3095163597036426,282658023575,TRY,8.924312511786306,9.0147,TRY,-7.566187478210937,12.0297951582868,Dayanıklı tüketim malları,Güçlü al
FZLGY,FUZUL GAYRIMENKUL YATIRIM ORTAKLIGI A.S.,11,TRY,-0.2719854941069752,33382509,1.7870858968567052,13787499666,TRY,,-0.4415,TRY,-164.84703059388127,0,Dayanıklı tüketim malları,Derecelendirme yok
GARAN,TÜRKİYE GARANTİ BANKASI A.Ş.,129.7,TRY,-1.5933232169954645,32549040,0.9090799581692548,553560012817,TRY,4.527477284072146,28.6473,TRY,20.2854371622558,3.99612063732929,Finans,Güçlü al
GARFA,GARANTİ FAKTORİNG A.Ş.,26.64,TRY,-0.22471910112359073,1043215,0.8656245853761833,10613250303,TRY,4.037036475776265,6.5989,TRY,53.64502083866912,0,Finans,Derecelendirme yok
GATEG,Gate Group Teknoloji Medya Ve Siber Guvenlik Hizmetleri A.S.,265,TRY,-4.159132007233273,20635,1.0097525408965682,3125041775,TRY,36.44515348223127,7.2712,TRY,,0,Ticari hizmetler,Derecelendirme yok
GEDIK,GEDİK YATIRIM MENKUL DEĞERLER A.Ş.,6.23,TRY,-1.42405063291139,6571241,0.5690824078007728,10053668339,TRY,4.4379541245191625,1.4038,TRY,447.93130366900857,5.93354430379747,Finans,Derecelendirme yok
GEDZA,GEDİZ AMBALAJ SANAYİ VE TİCARET A.Ş.,27.54,TRY,-1.3610315186246509,240373,0.6420731783868394,1302635474,TRY,70.7241910631741,0.3894,TRY,-1.4426727410782036,0,İşlenebilen endüstriler,Derecelendirme yok
GENIL,GEN İLAÇ VE SAĞLIK ÜRÜNLERİ SANAYİ VE TİCARET A.Ş.,9.67,TRY,2.6539278131634823,57398094,1.61016401366692,42390000343,TRY,53.01535087719298,0.1824,TRY,178.89908256880736,0.283089171974522,Sağlık teknolojisi,Derecelendirme yok
GENKM,Gentas Kimya Sanayi ve Ticaret Pazarlama,10.45,TRY,-1.041666666666678,6385178,0.5239687263807781,6431040000,TRY,,,,,1.94370265151515,İşlenebilen endüstriler,Derecelendirme yok
GENTS,GENTAŞ DEKORATİF YÜZEYLER SANAYİ VE TİCARET A.Ş.,5.16,TRY,-3.0075187969924837,11759565,1.453005811237406,3924924941,TRY,7.23905723905724,0.7128,TRY,450,4.07637218045113,Üretici imalatı,Derecelendirme yok
GEREL,GERSAN ELEKTRİK TİCARET VE SANAYİ A.Ş.,43.1,TRY,1.4117647058823564,10548336,1.033071069480277,15830204620,TRY,69.8654563138272,0.6169,TRY,,0,Üretici imalatı,Derecelendirme yok
GESAN,GİRİŞİM ELEKTRİK SANAYİ TAAHHÜT VE TİCARET A.Ş.,81.5,TRY,2.0663744520976906,8190648,0.713340187186036,36730999298,TRY,41.40418614102825,1.9684,TRY,-45.82335617757962,0,Elektronik teknoloji,Güçlü al
GIPTA,Gipta Ofis Kirtasiye ve Promosyon Urunleri Imalat Sanayi A.S.,63,TRY,7.142857142857148,5276390,3.015189408301387,7761599899,TRY,60.94022054556007,1.0338,TRY,-36.36587467684353,4.40534183673469,Üretici imalatı,Derecelendirme yok
GLBMD,GLOBAL MENKUL DEĞERLER A.Ş.,11.91,TRY,0,230393,1.2815873030000289,1405379982,TRY,,-0.8471,TRY,-946.2537462537462,0,Finans,Derecelendirme yok
GLCVY,GELECEK VARLIK YÖNETİMİ A.Ş.,51.85,TRY,-2.1698113207547145,441298,0.8679374051641822,7404099838,TRY,4.675509707205785,11.0897,TRY,28.207588614765655,4.72711132075472,Finans,Derecelendirme yok
GLRMK,Gulermak Agir Sanayi Insaat Ve Taahhut A.S.,159.5,TRY,4.316546762589924,8597611,2.6141883082784974,49325538964,TRY,14.780972856758934,10.7909,TRY,-1.0227105958321057,0,Endüstriyel hizmetler,Güçlü al
GLRYH,GÜLER YATIRIM HOLDİNG A.Ş.,3,TRY,-0.6622516556291397,3806541,0.36007160755328566,1811999989,TRY,2.8339316077838657,1.0586,TRY,311.74640217814084,0,Finans,Derecelendirme yok
GLYHO,GLOBAL YATIRIM HOLDİNG A.Ş.,16.7,TRY,-0.17931858936043715,2979878,0.9588333467832869,32424246283,TRY,6.160543013132655,2.7108,TRY,53.97898324339676,0.383161984459056,Finans,Derecelendirme yok
GMTAS,GİMAT MAĞAZACILIK SANAYİ VE TİCARET A.Ş.,45.88,TRY,-0.6496318752706738,2095693,1.0617620597310409,13854000092,TRY,,-0.2677,TRY,-129.9641817774793,0.646167171935903,Perakende satış,Derecelendirme yok
GOKNR,GÖKNUR GIDA MADDELERİ ENERJİ İMALAT İTHALAT İHRACAT TİCARET VE SANAYİ A.Ş.,22.96,TRY,-2.3809523809523756,3311700,1.0329995910049028,8232000160,TRY,18.77811400997792,1.2227,TRY,-63.918316758639016,1.51846513605442,Dayanıklı olmayan tüketici ürünleri,Derecelendirme yok
GOLDA,Golda Gida Sanayi ve Ticaret A.S.,13.69,TRY,-2.423378474697077,38196515,0.3411477371810726,3507499933,TRY,,,,,,Dayanıklı olmayan tüketici ürünleri,Derecelendirme yok
GOLTS,GÖLTAŞ GÖLLER BÖLGESİ ÇİMENTO SANAYİ VE TİCARET A.Ş.,290.5,TRY,0.1724137931034483,50335,0.7806260206605738,5202600155,TRY,13.76881659272741,21.0984,TRY,71.45643376078795,1.43678172413793,Enerji-dışı mineraller,Derecelendirme yok
GOODY,GOODYEAR LASTİKLERİ T.A.Ş.,2.54,TRY,0,8416217,0.7778198233675475,3860799942,TRY,,-1.9483,TRY,-340.5924920850294,0,Dayanıklı tüketim malları,Derecelendirme yok
GOZDE,GÖZDE GİRİŞİM SERMAYESİ YATIRIM ORTAKLIĞI A.Ş.,25.12,TRY,-2.635658914728681,3090408,1.638026541431247,9932999706,TRY,,-15.4504,TRY,11.408764857999671,0,Finans,Derecelendirme yok
GRNYO,GARANTİ YATIRIM ORTAKLIĞI A.Ş.,15.45,TRY,5.388813096862204,620206,1.6927943665047218,549749994,TRY,,-0.8269,TRY,-58.83595850941222,0,Finans,Derecelendirme yok
GRSEL,GÜR-SEL TURİZM TAŞIMACILIK VE SERVİS TİCARET A.Ş.,340.75,TRY,-0.2926115581565472,296193,0.3914154562278287,34858500000,TRY,11.456708268330733,29.7424,TRY,78.17395419609532,0.43031104608632,Tüketici hizmetleri,Derecelendirme yok
GRTHO,Grainturk Holding A.S.,240.5,TRY,0.6276150627615062,1215400,1.0601973865270842,29875000000,TRY,16.73963430337368,14.3671,TRY,93.80690939013368,0.375791631799163,Dağıtım servisleri,Derecelendirme yok
GSDDE,GSD DENİZCİLİK GAYRİMENKUL İNŞAAT SANAYİ VE TİCARET A.Ş.,13.5,TRY,2.118003025718603,15635712,4.091690410343959,1983000040,TRY,10.325837540156035,1.3074,TRY,,0,Taşımacılık,Derecelendirme yok
GSDHO,GSD HOLDİNG A.Ş.,4.95,TRY,-1.3944223107569602,19847143,1.7259180640499197,4794099982,TRY,75.11380880121396,0.0659,TRY,-88.72154715043644,0,Taşımacılık,Derecelendirme yok
GSRAY,GALATASARAY SPORTİF SINAİ VE TİCARİ YATIRIMLAR A.Ş.,0.99,TRY,2.061855670103095,170264402,0.9697729219389177,13095000386,TRY,,-0.1718,TRY,-126.86053783614759,0,Tüketici hizmetleri,Derecelendirme yok
GUBRF,GÜBRE FABRİKALARI T.A.Ş.,431,TRY,4.2321644498186215,3495906,1.7168555102991754,138109000000,TRY,19.080505566992052,22.5885,TRY,189.61471889223668,0,İşlenebilen endüstriler,Derecelendirme yok
GUNDG,Gundogdu Gida Sut Urunleri Sanayi Ve Dis Ticaret AS,1540,TRY,10,2803614,14.163121609968492,54600000000,TRY,,-2.2848,TRY,-8.91929255851647,0.010989,Dayanıklı olmayan tüketici ürünleri,Derecelendirme yok
GWIND,GALATA WIND ENERJİ A.Ş.,23.9,TRY,-1.7269736842105334,3221051,0.5553990485014842,13132795382,TRY,15.422339807704715,1.5497,TRY,18.723665057841124,2.63462582236842,"Elektrik, Su, Gaz Hizmetleri",Güçlü al
GZNMI,GEZİNOMİ SEYAHAT TURİZM TİCARET A.Ş.,58.1,TRY,-2.3529411764705856,1073983,0.3809026571182721,3867500000,TRY,,-3.5315,TRY,-1128.093158660844,0,Tüketici hizmetleri,Derecelendirme yok
HALKB,TÜRKİYE HALK BANKASI A.Ş.,37.36,TRY,-1.1116993118051925,40692288,0.8944031372412073,271440897723.99997,TRY,8.878748989971006,4.2078,TRY,31.823308270676677,0,Finans,Nötr
HATEK,HATEKS HATAY TEKSTİL İŞLETMELERİ A.Ş.,11.25,TRY,-2.3437499999999964,4266793,0.5473558728406628,725760029,TRY,,-1.0644,TRY,45.00929944203348,0,İşlenebilen endüstriler,Derecelendirme yok
HATSN,Hat-San Gemi Insaa Bakim Onarim Deniz Nakliyat Sanayi ve Ticaret A.S.,55.65,TRY,-3.133159268929511,2026597,0.5118870187447262,12725175169,TRY,,-1.5723,TRY,-138.48865388852172,0,Üretici imalatı,Derecelendirme yok
HDFGS,HEDEF GİRİŞİM SERMAYESİ YATIRIM ORTAKLIĞI A.Ş.,2.58,TRY,-5.147058823529416,113863895,1.4623482649331165,3073600032,TRY,5.066771406127259,0.5092,TRY,,0,Finans,Derecelendirme yok
HEDEF,HEDEF HOLDİNG A.Ş.,329.5,TRY,-9.972677595628415,4475826,2.3563778957896124,1098000000000,TRY,587.0301086762871,0.5613,TRY,,0,Finans,Derecelendirme yok
HEKTS,HEKTAŞ TİCARET T.A.Ş.,2.91,TRY,-1.0204081632652995,412724270,1.0955662292440953,24784200482,TRY,,-0.4267,TRY,-11.206671879072202,0,İşlenebilen endüstriler,Derecelendirme yok
HKTM,HİDROPAR HAREKET KONTROL TEKNOLOJİLERİ MERKEZİ SANAYİ VE TİCARET A.Ş.,11.11,TRY,-3.3913043478260922,2942610,0.6910846252864342,1207500000,TRY,,-1.3299,TRY,-12.227848101265824,0,Üretici imalatı,Derecelendirme yok
HLGYO,HALK GAYRİMENKUL YATIRIM ORTAKLIĞI A.Ş.,4.78,TRY,-1.2396694214875952,17617656,1.2227222146514858,18163067155,TRY,1.3915574963609898,3.435,TRY,303.6427732079906,18.5795785123967,Finans,Derecelendirme yok
HOROZ,Horoz Lojistik Kargo Hizmetleri Ve Ticaret AS,55.55,TRY,-2.0282186948853713,1551429,1.6428291119040728,5130674369,TRY,,-1.0216,TRY,-115.02109952801753,0,Taşımacılık,Derecelendirme yok
HRKET,Hareket Proje Tasimaciligi ve Yuk Muhendisligi AS,97.1,TRY,2.1030494216614093,1745503,1.2115384068120338,10955519534,TRY,,-11.7882,TRY,-641.5380374862183,0,Taşımacılık,Derecelendirme yok
HTTBT,HİTİT BİLGİSAYAR HİZMETLERİ A.Ş.,38.88,TRY,0.41322314049587733,670672,1.2875696822755087,11616000366,TRY,28.723404255319153,1.3536,TRY,36.39661426844014,0,Teknoloji hizmetleri,Derecelendirme yok
HUBVC,HUB GİRİŞİM SERMAYESİ YATIRIM ORTAKLIĞI A.Ş.,2.76,TRY,2.2222222222222077,2548794,1.0944146548856484,756000013,TRY,,-0.7106,TRY,54.33161953727507,0,Finans,Derecelendirme yok
HUNER,HUN YENİLENEBİLİR ENERJİ ÜRETİM A.Ş.,3.39,TRY,-1.453488372093018,12707565,0.5719873179210988,3440000057,TRY,,-0.2433,TRY,-144.69140337986775,0,"Elektrik, Su, Gaz Hizmetleri",Derecelendirme yok
HURGZ,HÜRRİYET GAZETECİLİK VE MATBAACILIK A.Ş.,7.42,TRY,1.9230769230769187,13164430,1.069043369235933,4309760124,TRY,,-1.8545,TRY,-11.743793685225361,0,Tüketici hizmetleri,Derecelendirme yok
ICBCT,ICBC TURKEY BANK A.Ş.,21.4,TRY,-2.7272727272727337,1283915,0.32211037205358145,18920000000,TRY,13.522906793048971,1.5825,TRY,,0,Finans,Derecelendirme yok
ICUGS,ICU Girisim Sermayesi Yatirim Ortakligi A.S.,5.4,TRY,-0.7352941176470594,7172399,0.40544572405237167,1890400020,TRY,,,,,0,Finans,Derecelendirme yok
IDGYO,İDEALİST GAYRİMENKUL YATIRIM ORTAKLIĞI A.Ş.,3.68,TRY,-2.9023746701846935,722081,0.33020154164871923,568499994,TRY,8.743169398907105,0.4209,TRY,,0,Finans,Derecelendirme yok
IEYHO,IŞIKLAR ENERJİ VE YAPI HOLDİNG A.Ş.,171,TRY,1.543942992874106,11228022,1.1689520894972452,82699814483,TRY,,-1.5242,TRY,-28.89640591966172,0,İşlenebilen endüstriler,Derecelendirme yok
IHAAS,İHLAS HABER AJANSI A.Ş.,48.22,TRY,-1.59183673469388,647555,0.5927397877320508,7987000000,TRY,,-0.6894,TRY,-8.99604743083005,0,Ticari hizmetler,Derecelendirme yok
IHEVA,İHLAS EV ALETLERİ İMALAT SANAYİ VE TİCARET A.Ş.,1.98,TRY,1.5384615384615399,1078674,1.459611612439487,683475017,TRY,,-0.0161,TRY,-107.00609225413402,0,Dayanıklı tüketim malları,Derecelendirme yok
IHGZT,İHLAS GAZETECİLİK A.Ş.,1.19,TRY,0,39184621,2.2114368289044752,952000046,TRY,4.078135709389993,0.2918,TRY,52.21700573813249,0,Tüketici hizmetleri,Derecelendirme yok
IHLAS,İHLAS HOLDİNG A.Ş.,1.02,TRY,-0.9708737864077678,41173114,0.534799351899745,3089999914,TRY,,-1.5108,TRY,-229.00696864111495,0,Finans,Derecelendirme yok
IHLGM,İHLAS GAYRİMENKUL PROJE GELİŞTİRME VE TİCARET A.Ş.,1.58,TRY,-0.6289308176100634,18860204,0.7792332760509404,1589999914,TRY,2.8417266187050356,0.556,TRY,,0,Finans,Derecelendirme yok
IHYAY,İHLAS YAYIN HOLDİNG A.Ş.,1.3,TRY,6.557377049180333,7837936,3.8318688545620563,549000013,TRY,,-0.7646,TRY,-32.49003638884076,0,Tüketici hizmetleri,Derecelendirme yok
IMASM,İMAŞ MAKİNA SANAYİ A.Ş.,2.42,TRY,-0.8196721311475417,10453677,0.7534882759432844,2257000053,TRY,,-0.6293,TRY,-2239.405204460966,0,Üretici imalatı,Derecelendirme yok
INDES,İNDEKS BİLGİSAYAR SİSTEMLERİ MÜHENDİSLİK SANAYİ VE TİCARET A.Ş.,10.6,TRY,1.6299137104506225,3149976,0.4392287408044324,7821854083,TRY,10.957204879057267,0.9674,TRY,156.67285752188909,2.08374880153404,Dağıtım servisleri,Derecelendirme yok
INFO,İNFO YATIRIM MENKUL DEĞERLER A.Ş.,6.89,TRY,9.888357256778312,51161642,1.296968632375362,6021306692,TRY,,,,,0,Finans,Derecelendirme yok
INGRM,INGRAM MİCRO BİLİŞİM SİSTEMLERİ A.Ş.,387.25,TRY,0.06459948320413438,25675,0.8162713804285624,9288000000,TRY,,-5.6716,TRY,-229.86810771203517,0,Dağıtım servisleri,Derecelendirme yok
INTEK,Innosa Teknoloji Anonim Sirketi,307,TRY,-5.900383141762452,12013,0.5721266270103967,2610000000,TRY,,-14.4244,TRY,-194.82562534924236,0,İşlenebilen endüstriler,Derecelendirme yok
INTEM,İNTEMA İNŞAAT VE TESİSAT MALZEMELERİ YATIRIM VE PAZARLAMA A.Ş.,242.2,TRY,-1.8638573743922293,22624,0.5705797346340183,4729729754,TRY,152.2695838048535,1.5906,TRY,,0,Üretici imalatı,Derecelendirme yok
INVEO,INVEO YATIRIM HOLDİNG A.Ş.,7.1,TRY,0.28248587570620864,5442742,1.319982358980677,7079964489,TRY,,,,,0,Finans,Derecelendirme yok
INVES,INVESTCO HOLDİNG A.Ş.,742,TRY,0.9523809523809524,144204,3.748060393561416,137812500000,TRY,55.47829467797168,13.3746,TRY,,0,Finans,Derecelendirme yok
ISBIR,İŞBİR HOLDİNG A.Ş.,67,TRY,1.6691957511380793,10440,0.5032101336109662,1714791601,TRY,,-10.1073,TRY,18.97241440126985,1.51745068285281,İşlenebilen endüstriler,Derecelendirme yok
ISDMR,İSKENDERUN DEMİR VE ÇELİK A.Ş.,53.5,TRY,-0.37243947858473525,1514291,1.0063431294925351,155730002213,TRY,23.55168163409051,2.2716,TRY,-39.877722785379675,8.37988826815642,Enerji-dışı mineraller,Güçlü al
ISFIN,İŞ FİNANSAL KİRALAMA A.Ş.,20,TRY,0.15022533800701623,2550222,1.1504220463387556,13885192690,TRY,3.400493071495367,5.8815,TRY,58.75779415337274,0,Finans,Derecelendirme yok
ISGSY,İŞ GİRİŞİM SERMAYESİ YATIRIM ORTAKLIĞI A.Ş.,18.11,TRY,-1.2002182214948112,8171398,1.2419689929599391,9165000000,TRY,1.9312595309950624,9.3773,TRY,380.39446721311475,0,Finans,Derecelendirme yok
ISGYO,İŞ GAYRİMENKUL YATIRIM ORTAKLIĞI A.Ş.,26.14,TRY,-0.6838905775075976,1674192,0.7450131561621698,25234299707,TRY,,-2.2991,TRY,-63.462495556345544,0.317028875379939,Finans,Derecelendirme yok
ISKPL,IŞIK PLASTİK SANAYİ VE DIŞ TİCARET PAZARLAMA A.Ş.,7.28,TRY,-0.9523809523809441,58147284,0.5660516531102611,11024319767,TRY,45.699937225360955,0.1593,TRY,-34.552177485620376,0.00586394557823129,Üretici imalatı,Derecelendirme yok
ISMEN,İŞ YATIRIM MENKUL DEĞERLER A.Ş.,34.62,TRY,-0.9158557527189476,4677241,0.906601957062232,52409997940,TRY,7.575823887259836,4.5698,TRY,11.049549221161087,9.06315684029765,Finans,Derecelendirme yok
ISSEN,İŞBİR SENTETİK DOKUMA SANAYİ A.Ş.,6.82,TRY,-1.5873015873015792,622957,0.5815086888809009,2941077927,TRY,,-0.38,TRY,57.71670190274841,0.577200577200577,İşlenebilen endüstriler,Derecelendirme yok
ISVEA,Isvea Seramik ve Banyo Urunleri Sanayi A.S.,51.95,TRY,9.92382564536607,61727696,2.699477869219134,13232799530,TRY,,,,,,Dayanıklı tüketim malları,Derecelendirme yok
ISYAT,İŞ YATIRIM ORTAKLIĞI A.Ş.,7.62,TRY,-1.423027166882281,701511,1.0485318392947436,1241430270,TRY,162.4733475479744,0.0469,TRY,,0,Çeşitli Hizmetler,Derecelendirme yok
IZENR,Izdemir Enerji Elektrik Uretim A.S.,8.75,TRY,0.3440366972476991,29025351,0.3751093832873617,21309500653,TRY,43.44587884806356,0.2014,TRY,,0,"Elektrik, Su, Gaz Hizmetleri",Derecelendirme yok
IZFAS,İZMİR FIRÇA SANAYİ VE TİCARET A.Ş.,66,TRY,1.2269938650306704,4267567,0.6447605817563379,11552624459,TRY,,-0.3505,TRY,-131.35313531353134,0,Üretici imalatı,Derecelendirme yok
IZINV,İZ YATIRIM HOLDİNG A.Ş.,56.6,TRY,-1.393728222996511,162672,0.6910746807743238,1005214943,TRY,,-3.734,TRY,-49.61134706306595,0,Dayanıklı olmayan tüketici ürünleri,Derecelendirme yok
IZMDC,İZMİR DEMİR ÇELİK SANAYİ A.Ş.,13.45,TRY,3.2233307751343054,19191067,0.7791116396379879,19544999599,TRY,,-1.1747,TRY,-17.705410821643294,0,Enerji-dışı mineraller,Derecelendirme yok
JANTS,JANTSA JANT SANAYİ VE TİCARET A.Ş.,15,TRY,-0.6622516556291367,2954873,0.8173216686514659,10570000267,TRY,,-0.1582,TRY,-26266.666666666675,0.203172185430464,Üretici imalatı,Derecelendirme yok
KAPLM,KAPLAMİN AMBALAJ SANAYİ VE TİCARET A.Ş.,431.5,TRY,0.057971014492753624,62132,0.41967356621213064,8625000000,TRY,,-20.5886,TRY,-184.56158779301194,0,İşlenebilen endüstriler,Derecelendirme yok
KARCL,Kardemir Celik Sanayi AS,41.92,TRY,-9.965635738831615,75995811,,38644801140,TRY,,,,,0,Enerji-dışı mineraller,Derecelendirme yok
KAREL,KAREL ELEKTRONİK SANAYİ VE TİCARET A.Ş.,8.8,TRY,-3.4028540065861557,11862332,0.5685701147493066,7341616611,TRY,,-1.6317,TRY,23.627428036508306,0,Elektronik teknoloji,Derecelendirme yok
KARSN,KARSAN OTOMOTİV SANAYİİ VE TİCARET A.Ş.,10.09,TRY,1.4070351758794029,11792417,1.303879170941772,8954999828,TRY,15.87976078061064,0.6354,TRY,,0,Üretici imalatı,Derecelendirme yok
KARTN,KARTONSAN KARTON SANAYİ VE TİCARET A.Ş.,187,TRY,-2.857142857142857,2466887,1.3627155331110576,14437500000,TRY,,-6.8361,TRY,33.05620024090015,0,İşlenebilen endüstriler,Derecelendirme yok
KATMR,KATMERCİLER ARAÇ ÜSTÜ EKİPMAN SANAYİ VE TİCARET A.Ş.,2.22,TRY,-0.8928571428571435,42405231,0.7863752700872827,4823280021,TRY,5.7632398753894085,0.3852,TRY,-32.833478639930256,0,Üretici imalatı,Derecelendirme yok
KAYSE,KAYSERİ ŞEKER FABRİKASI A.Ş.,3.83,TRY,-1.0335917312661507,7263172,1.3523616268255096,11542405044,TRY,,-1.4425,TRY,-598.2090997095837,0,Sağlık teknolojisi,Derecelendirme yok
KBORU,Kuzey Boru A.S.,24.42,TRY,-1.2135922330096973,3286064,0.5457815520160474,14831999588,TRY,23.87563551036371,1.0228,TRY,-5.269982402519234,0.869016990291262,Üretici imalatı,Derecelendirme yok
KCAER,KOCAER ÇELİK SANAYİ VE TİCARET A.Ş.,14.9,TRY,0.9485094850948549,15333580,0.7138667920668348,28265400438,TRY,103.90516039051604,0.1434,TRY,14.995990376904567,1.14981707317073,Enerji-dışı mineraller,Güçlü al
KCHOL,KOÇ HOLDİNG A.Ş.,206,TRY,3.5696329813976844,33644514,1.7510575574974137,504390107878,TRY,22.17080126997794,9.2915,TRY,,3.43388637506285,Enerji mineralleri,Güçlü al
KENT,KENT GIDA MADDELERİ SANAYİİ VE TİCARET A.Ş.,355,TRY,9.992254066615027,7551,1.5165695922876086,106507500000,TRY,,-2.7569,TRY,-3.483352726999737,0,Dayanıklı olmayan tüketici ürünleri,Derecelendirme yok
KERVN,KERVANSARAY YATIRIM HOLDİNG A.Ş.,10.03,TRY,5.578947368421046,2799327,1.0819669089760102,5206873810,TRY,,,,,0,Tüketici hizmetleri,Derecelendirme yok
KFEIN,KAFEİN YAZILIM HİZMETLERİ TİCARET A.Ş.,8.23,TRY,-2.023809523809523,2666480,0.5639115235322372,1658999925,TRY,36.85624720107479,0.2233,TRY,-70.49808429118775,0.241107142857143,Teknoloji hizmetleri,Derecelendirme yok
KGYO,KORAY GAYRİMENKUL YATIRIM ORTAKLIĞI A.Ş.,9.7,TRY,-3.482587064676631,12513847,1.0152203790986654,10050000191,TRY,,-0.7348,TRY,-1796.9976905311778,0,Finans,Derecelendirme yok
KIMMR,ERSAN ALIŞVERİŞ HİZMETLERİ VE GIDA SANAYİ TİCARET A.Ş.,14.3,TRY,-0.5563282336578587,263068,0.26193985125463143,3430365747,TRY,4.977029096477795,2.8732,TRY,63.817777524374264,1.44876912378303,Perakende satış,Derecelendirme yok
KLGYO,KİLER GAYRİMENKUL YATIRIM ORTAKLIĞI A.Ş.,4.37,TRY,-1.7977528089887655,5231262,0.6826292565074302,6207749734,TRY,,-0.6192,TRY,-51.616062683643484,0,Finans,Derecelendirme yok
KLKIM,KALEKİM KİMYEVİ MADDELER SANAYİ VE TİCARET A.Ş.,25.34,TRY,-1.4007782101167292,1287204,0.9066204924613106,11822000351,TRY,12.047161738138252,2.1034,TRY,4.0462999604274,2.5376420233463,İşlenebilen endüstriler,Güçlü al
KLMSN,KLİMASAN KLİMA SANAYİ VE TİCARET A.Ş.,27.44,TRY,-0.5797101449275368,481947,0.7821375833932289,2185919946,TRY,,-5.0733,TRY,-17.535446205170974,0,Üretici imalatı,Derecelendirme yok
KLNMA,TÜRKİYE KALKINMA VE YATIRIM BANKASI A.Ş.,8.85,TRY,-1.117318435754186,126400,0.5316292037717062,89499998093,TRY,11.422302529685078,0.7748,TRY,30.306088126471582,0,Finans,Derecelendirme yok
KLRHO,KİLER HOLDİNG A.Ş.,77.85,TRY,2.2324359816152177,1797867,0.683512036670587,123743752480,TRY,93.05522352378675,0.8366,TRY,26.604116222760283,0,Dayanıklı olmayan tüketici ürünleri,Derecelendirme yok
KLSER,Kaleseramik Canakkale Kalebodur Seramik A.S.,24.54,TRY,-0.48661800486618406,695271,0.8011439333025906,12694442331,TRY,,-5.5594,TRY,21.011053962660903,0,Üretici imalatı,Derecelendirme yok
KLSYN,KOLEKSİYON MOBİLYA SANAYİ A.Ş.,12.77,TRY,2.0783373301358896,3577007,0.9401037844162531,5397061794,TRY,278.2135076252723,0.0459,TRY,-93.4958197534363,0.959232613908873,Dayanıklı tüketim malları,Derecelendirme yok
KLYPV,Kalyon Gunes Teknolojileri Uretim Anonim Sirketi,58.95,TRY,-0.6739679865206379,897158,0.6457568971353669,24419025099,TRY,,-2.7178,TRY,,0,Üretici imalatı,Derecelendirme yok
KMPUR,KİMTEKS POLİÜRETAN SANAYİ VE TİCARET A.Ş.,21,TRY,0.09532888465204754,4605339,1.4635580376265966,10200476034,TRY,141.41414141414143,0.1485,TRY,,0,Üretici imalatı,Derecelendirme yok
KNFRT,KONFRUT GIDA SANAYİ VE TİCARET A.Ş.,11.84,TRY,4.593639575971728,5320075,1.807079398688532,2988479919,TRY,,-0.7661,TRY,39.94198808403889,0,Dayanıklı olmayan tüketici ürünleri,Derecelendirme yok
KOCMT,Koc Metalurji AS,5.48,TRY,1.1070110701107103,56464438,0.5252537600450468,12801534702,TRY,,-0.328,TRY,-134.28571428571428,0,Enerji-dışı mineraller,Derecelendirme yok
KONKA,KONYA KAĞIT SANAYİ VE TİCARET A.Ş.,11.79,TRY,-1.503759398496253,2163586,0.8829987641773627,4658946715,TRY,,-1.241,TRY,16.23920086393088,0,İşlenebilen endüstriler,Derecelendirme yok
KONTR,KONTROLMATİK TEKNOLOJİ ENERJİ VE MÜHENDİSLİK A.Ş.,4.03,TRY,-4.952830188679244,5072565,0.759982047124343,5511999702,TRY,,-1.0856,TRY,-1310.2564102564102,0.374882075471698,"Elektrik, Su, Gaz Hizmetleri",Derecelendirme yok
KONYA,KONYA ÇİMENTO SANAYİİ A.Ş.,3612.5,TRY,-1.2303485987696514,6277,0.673664101655988,17824606028,TRY,89.14734421116015,40.5228,TRY,,0,Enerji-dışı mineraller,Derecelendirme yok
KOPOL,KOZA POLYESTER SANAYİ VE TİCARET A.Ş.,5.39,TRY,-0.9191176470588366,7668192,0.6561646442560843,7055462262,TRY,,-0.0454,TRY,-275.20661157024796,0,İşlenebilen endüstriler,Derecelendirme yok
KORDS,KORDSA TEKNİK TEKSTİL A.Ş.,71.85,TRY,3.2327586206896552,2748336,1.042019216686163,13539223898,TRY,,-5.7556,TRY,23.750728631233105,0,İşlenebilen endüstriler,Derecelendirme yok
KOTON,KOTON MAĞAZACILIK TEKSTİL SANAYİ VE TİCARET A.Ş.,12.54,TRY,-0.07968127490041085,1847528,0.6846445105349537,10412107965,TRY,,-0.9914,TRY,1.627307005358214,0,Dayanıklı olmayan tüketici ürünleri,Güçlü al
KRDMA,KARDEMİR KARABÜK DEMİR ÇELİK SANAYİ VE TİCARET A.Ş.,42.92,TRY,1.9961977186311868,4709931,0.6682755174316045,55275014460,TRY,,-0.0575,TRY,98.09873359124424,0,Enerji-dışı mineraller,Nötr
KRGYO,KÖRFEZ GAYRİMENKUL YATIRIM ORTAKLIĞI A.Ş.,2.55,TRY,1.9999999999999927,21170146,3.1890044847758894,2475000000,TRY,22.566371681415927,0.113,TRY,14.837398373983742,1.53536,Finans,Derecelendirme yok
KRONT,KRON TELEKOMÜNİKASYON HİZMETLERİ A.Ş.,25.22,TRY,3.3606557377049193,2453243,1.1592872559222596,4177820461.0000005,TRY,33.29372937293729,0.7575,TRY,,0,İletişim,Derecelendirme yok
KRPLS,KOROPLAST TEMİZLİK AMBALAJ ÜRÜNLERİ SANAYİ VE DIŞ TİCARET A.Ş.,9,TRY,0.7838745800671924,1976533,0.7126130549036749,1559178108,TRY,,-0.5083,TRY,25.89298731593527,0,Dayanıklı olmayan tüketici ürünleri,Derecelendirme yok
KRSTL,KRİSTAL KOLA VE MEŞRUBAT SANAYİ TİCARET A.Ş.,10.52,TRY,-0.3787878787878875,1738514,0.4836110715639039,2027520081,TRY,7.172075265884919,1.4668,TRY,71.1152589827345,0,Dayanıklı olmayan tüketici ürünleri,Derecelendirme yok
KRTEK,KARSU TEKSTİL SANAYİİ VE TİCARET A.Ş.,6.36,TRY,-4.360902255639098,1829120,3.2269083989743534,933673164,TRY,,-0.436,TRY,77.03450092178036,0,İşlenebilen endüstriler,Derecelendirme yok
KRVGD,KERVAN GIDA SANAYİ VE TİCARET A.Ş.,2.44,TRY,1.2448132780082906,9258701,0.7979326439331169,5204181015,TRY,16.90921690921691,0.1443,TRY,,1.51269709543568,Dayanıklı olmayan tüketici ürünleri,Derecelendirme yok
KSTUR,KUŞTUR KUŞADASI TURİZM ENDÜSTRİ A.Ş.,2437,TRY,-4.897560975609756,654,0.8115150763121975,10876751602,TRY,559.2784688116767,4.3574,TRY,-56.46126637423687,0.624390243902439,Tüketici hizmetleri,Derecelendirme yok
KTLEV,KATILIMEVIM TASARRUF FINANSMAN A.S.,43.2,TRY,4.046242774566473,94288063,0.8315734684667069,290640003204,TRY,27.81175561707333,1.5533,TRY,324.28298279158696,0.205761078998073,Finans,Derecelendirme yok
KTSKR,KÜTAHYA ŞEKER FABRİKASI A.Ş.,88.65,TRY,-1.225626740947069,559825,0.9663331314906966,4128500000,TRY,,-3.3598,TRY,-147.6567375886525,7.26656155988858,İşlenebilen endüstriler,Derecelendirme yok
KUTPO,KÜTAHYA PORSELEN SANAYİ A.Ş.,81.5,TRY,0.3076923076923077,159896,1.0132068704621582,3243240118,TRY,886.8335146898803,0.0919,TRY,-99.04826014913006,0,Dayanıklı tüketim malları,Derecelendirme yok
KUVVA,KUVVA GIDA TİCARET VE SANAYİ YATIRIMLARI A.Ş.,162,TRY,-1.8181818181818181,407428,0.745213148504884,5121931229,TRY,,-9.4092,TRY,-349.0524086818422,0,Dayanıklı tüketim malları,Derecelendirme yok
KUYAS,KUYAŞ YATIRIM A.Ş.,67.8,TRY,1.269604182225533,4375845,0.3607640372459211,25063146526,TRY,,-3.5016,TRY,-452.9127192098367,0,Finans,Derecelendirme yok
KZBGY,KIZILBÜK GAYRİMENKUL YATIRIM ORTAKLIĞI A.Ş.,2.04,TRY,-0.9708737864077678,16992082,0.5461042179463136,8239999771.000001,TRY,10.235825388861013,0.1993,TRY,-87.53206130747576,0,Finans,Derecelendirme yok
KZGYO,Kuzugrup Gayrimenkul Yatirim Ortakligi AS,19.6,TRY,-1.507537688442197,1043125,0.7926807629401786,3979999924,TRY,,-0.2208,TRY,-178.0763790664781,0,Finans,Derecelendirme yok
LIDER,LDR TURİZM A.Ş.,71.1,TRY,-10.000000000000007,7675132,0.6039793805379237,65017000000,TRY,9.259862209082739,7.6783,TRY,644.4541400038781,0.162458227848101,Finans,Derecelendirme yok
LIDFA,LİDER FAKTORİNG A.Ş.,2.7,TRY,-3.225806451612898,16574729,1.65948514189851,3037757544,TRY,2.8487022578603085,0.9478,TRY,64.20651420651419,5.60433691756272,Finans,Derecelendirme yok
LILAK,Lila Kagit Sanayi Ve Ticaret Anonim Sirketi,29.22,TRY,2.5983146067415674,2140249,1.2637404716049592,16803199730,TRY,11.548950634362278,2.5301,TRY,50.52950975725844,5.35627106741573,Dayanıklı olmayan tüketici ürünleri,Güçlü al
LINK,LİNK BİLGİSAYAR SİSTEMLERİ YAZILIMI VE DONANIMI SANAYİ VE TİCARET A.Ş.,6.05,TRY,1.680672268907557,22945184,1.138798954381995,5305941746,TRY,12.025442258000398,0.5031,TRY,48.71415903044635,0,Teknoloji hizmetleri,Derecelendirme yok
LKMNH,LOKMAN HEKİM ENGÜRÜSAĞ SAĞLIK TURİZM EĞİTİM HİZMETLERİ VE İNŞAAT TAAHHÜT A.Ş.,14.1,TRY,1.5850144092218938,1651178,1.4209317777571837,2986514276,TRY,21.80637179090628,0.6466,TRY,-18.891118916206732,3.16868876080692,Sağlık hizmetleri,Derecelendirme yok
LMKDC,Limak Dogu Anadolu Cimento Sanayi Ve Ticaret AS,24.74,TRY,2.2314049586776825,11943723,1.8092118801508692,12491548831,TRY,7.3670418676672025,3.3582,TRY,9.82764823233149,8.26446280991736,Enerji-dışı mineraller,Derecelendirme yok
LOGO,LOGO YAZILIM SANAYİ VE TİCARET A.Ş.,138.4,TRY,0.8011653313911101,699603,1.3344079505653033,12924025865,TRY,16.848051031090982,8.2146,TRY,1920.8118081180814,3.83332702112163,Teknoloji hizmetleri,Güçlü al
LRSHO,Loras Holding Anonim Sirketi,2.77,TRY,1.0948905109488978,6974016,0.5539336974338956,2062600563.9999998,TRY,,-1.0358,TRY,-368.27246827246825,0,Dayanıklı olmayan tüketici ürünleri,Derecelendirme yok
LUKSK,LÜKS KADİFE TİCARET VE SANAYİİ A.Ş.,90.4,TRY,-0.49532195927351536,62980,0.9704354632681395,2543799957,TRY,50.483051320712576,1.7907,TRY,,0,İşlenebilen endüstriler,Derecelendirme yok
LXGYO,Luxera Gayrimenkul Yatirim Ortakligi A.S.,10.8,TRY,0.8403361344537801,5670122,0.6070931516001791,3534300000,TRY,,,,,0,Finans,Derecelendirme yok
LYDHO,Lydia Holding A.S.,180.6,TRY,-0.8781558726673954,301583,0.6809165979164638,64132814240,TRY,,-0.9391,TRY,-25.648916242975663,0,Dağıtım servisleri,Derecelendirme yok
LYDYE,Lydia Yesil Enerji kaynaklari A.S.,13042.5,TRY,-0.07661367554108409,2369,2.7052643599406188,24683177279,TRY,24.33180125848162,536.0269,TRY,-33.22943308156115,0,Dayanıklı olmayan tüketici ürünleri,Derecelendirme yok
MAALT,MARMARİS ALTINYUNUS TURİSTİK TESİSLER A.Ş.,980,TRY,-0.8097165991902834,21697,0.7122223754095024,8278698578,TRY,256.99525345501274,3.8133,TRY,,0,Tüketici hizmetleri,Derecelendirme yok
MACKO,MACKOLİK İNTERNET HİZMETLERİ TİCARET A.Ş.,32.5,TRY,2.84810126582278,1207161,2.7547394824975284,3160000038,TRY,12.090324020683754,2.6881,TRY,-10.880880549017016,12.0253164556962,Ticari hizmetler,Derecelendirme yok
MAGEN,MARGÜN ENERJİ ÜRETİM SANAYİ VE TİCARET A.Ş.,36.2,TRY,0.8356545961002904,11368113,0.9455825480867366,105755409475,TRY,,-0.2681,TRY,40.790636042402824,0,"Elektrik, Su, Gaz Hizmetleri",Derecelendirme yok
MAKIM,MAKİM MAKİNA TEKNOLOJİLERİ SANAYİ VE TİCARET A.Ş.,16.26,TRY,-0.18416206261508647,466472,0.42555990486956463,1824480103,TRY,255.25902668759812,0.0637,TRY,-75.16569200779728,0,Elektronik teknoloji,Derecelendirme yok
MAKTK,MAKİNA TAKIM ENDÜSTRİSİ A.Ş.,9.56,TRY,-2.944162436548215,2575903,0.8457968012901185,1970000076,TRY,,-0.5853,TRY,-152.502691065662,0,Üretici imalatı,Derecelendirme yok
MANAS,MANAS ENERJİ YÖNETİMİ SANAYİ VE TİCARET A.Ş.,30,TRY,-0.7936507936507886,22150116,0.7082464885930506,10011133357,TRY,,-1.4245,TRY,-158.76475930971844,0,Üretici imalatı,Derecelendirme yok
MARBL,Tureks Turunc Madencilik Ic ve Dis Ticaret A.S.,11.88,TRY,-1.2468827930174446,900656,0.6184095517255822,2750058012,TRY,,-0.1251,TRY,-130.16638533879913,0,Enerji-dışı mineraller,Derecelendirme yok
MARKA,MARKA YATIRIM HOLDİNG A.Ş.,86,TRY,-2.383654937570936,295271,0.5583725915571369,1849218948,TRY,40.24333177351427,2.137,TRY,-31.42728789629059,0,Dağıtım servisleri,Derecelendirme yok
MARMR,Marmara Holding AS,2.29,TRY,0.4385964912280803,76678520,0.6659679311144494,6877109508,TRY,,,,,0,Finans,Derecelendirme yok
MARTI,MARTI OTEL İŞLETMELERİ A.Ş.,1.4,TRY,-1.4084507042253533,29190787,0.449820067963221,2125315253.0000002,TRY,,-0.1512,TRY,-161.5885947046843,0,Tüketici hizmetleri,Derecelendirme yok
MASFN,Masfen Enerji AS,43.52,TRY,-1.6274864376130171,25377074,,24553200932,TRY,,,,,,Endüstriyel hizmetler,Derecelendirme yok
MAVI,MAVİ GİYİM SANAYİ VE TİCARET A.Ş.,38.5,TRY,-2.4328433857070473,5914028,1.5533434364091157,30943031301,TRY,15.01618627871602,2.5639,TRY,-14.667509818278642,4.23984287886467,Dayanıklı olmayan tüketici ürünleri,Güçlü al
MCARD,Metropal Kurumsal Hizmetler A.S.,133.9,TRY,-2.1198830409356764,1443724,0.7028109732297583,12667680000,TRY,,,,,3.94705263157895,Ticari hizmetler,Derecelendirme yok
MEDTR,MEDİTERA TIBBİ MALZEME SANAYİ VE TİCARET A.Ş.,25.4,TRY,-0.3139717425431784,162761,0.49595160205156036,3032119946,TRY,177.87114845938373,0.1428,TRY,,0.989411302982731,Sağlık teknolojisi,Nötr
MEGAP,MEGA POLİETİLEN KÖPÜK SANAYİ VE TİCARET A.Ş.,1.85,TRY,-2.631578947368412,594020,0.5755615678505388,522499993,TRY,,-2.8081,TRY,-250.6087422901582,0,İşlenebilen endüstriler,Derecelendirme yok
MEGMT,Mega Metal Sanayi Ve Ticaret A.S.,66.1,TRY,-3.503649635036505,3750566,0.5248570837421644,18152500000,TRY,9.811488793231408,6.737,TRY,297.1351096439519,0,Enerji-dışı mineraller,Derecelendirme yok
MEKAG,Meka Global Makine Imalat Sanayi Ve Ticaret A.S.,2.89,TRY,-1.027397260273966,5756436,0.4844514029078369,2336000000,TRY,,-0.6243,TRY,-707.6326002587322,0,Üretici imalatı,Derecelendirme yok
MEPET,MEPET METRO PETROL VE TESİSLERİ SANAYİ TİCARET A.Ş.,19.45,TRY,0,119897,0.31028200396984573,1425647275,TRY,4.844333748443337,4.015,TRY,,0,Perakende satış,Derecelendirme yok
MERCN,MERCAN KİMYA SANAYİ VE TİCARET A.Ş.,19.28,TRY,6.167400881057274,8526937,2.29069816547221,3457136540,TRY,24.306606152294503,0.7932,TRY,,1.15702643171806,İşlenebilen endüstriler,Derecelendirme yok
MERIT,MERİT TURİZM YATIRIM VE İŞLETME A.Ş.,16.21,TRY,-1.4589665653495347,909558,0.3233204926940802,5537070357,TRY,7.220168366665183,2.2451,TRY,182.82942806752328,0.851063829787234,Tüketici hizmetleri,Derecelendirme yok
MERKO,MERKO GIDA SANAYİ VE TİCARET A.Ş.,1.37,TRY,-0.7246376811594049,17537194,0.5542313518611846,1172999996,TRY,1.87980241492865,0.7288,TRY,364.20382165605093,0,Dayanıklı olmayan tüketici ürünleri,Derecelendirme yok
METEN,METGUN Enerji Yatirimlari A.S.,17.79,TRY,-4.097035040431275,44069481,,11779249516,TRY,,,,,,"Elektrik, Su, Gaz Hizmetleri",Derecelendirme yok
METRO,METRO TİCARİ VE MALİ YATIRIMLAR HOLDİNG A.Ş.,7.19,TRY,-0.9641873278236832,5042293,0.7999223730125261,3894290001,TRY,17.430303030303033,0.4125,TRY,,0,Dayanıklı olmayan tüketici ürünleri,Derecelendirme yok
MEYSU,Meysu Gida Sanayi Ve Ticaret A.S.,10.63,TRY,-3.3636363636363567,14721669,0.6850697036868241,9570000000,TRY,,,,,0.454545454545455,Dayanıklı olmayan tüketici ürünleri,Derecelendirme yok
MGROS,MİGROS TİCARET A.Ş.,631,TRY,0.3179650238473768,1966737,0.8879271226316388,112020018570,TRY,16.22583482048724,38.8886,TRY,19.327519653388485,1.29518775834658,Perakende satış,Güçlü al
MHRGY,MHR Gayrimenkul Yatirim Ortakligi Anonim Sirketi,3.4,TRY,-1.1627906976744196,2146528,0.41822986930901107,4164336749,TRY,9.415674328440875,0.3611,TRY,793.8118811881188,1.97953488372093,Finans,Derecelendirme yok
MIATK,MİA TEKNOLOJİ A.Ş.,29.48,TRY,-2.1897810218978107,13074993,0.575407412870949,14889159698,TRY,,-2.0497,TRY,-166.7046342098412,0,Teknoloji hizmetleri,Derecelendirme yok
MMCAS,MMC SANAYİ VE TİCARİ YATIRIMLAR A.Ş.,56.55,TRY,-2.500000000000005,27993,1.4940357057081097,773538969,TRY,,-0.3795,TRY,-1424.0963855421687,0,Taşımacılık,Derecelendirme yok
MNDRS,MENDERES TEKSTİL SANAYİ VE TİCARET A.Ş.,10.43,TRY,-0.09578544061302478,1752314,1.0510617720436972,2894934336,TRY,30.014388489208635,0.3475,TRY,-88.04321646079207,0,Dayanıklı olmayan tüketici ürünleri,Derecelendirme yok
MNDTR,MONDİ TURKEY OLUKLU MUKAVVA KAĞIT VE AMBALAJ SANAYİ A.Ş.,5.24,TRY,-0.3802281368821212,1713863,1.2361450885847387,5517954698,TRY,,-1.8047,TRY,-2681.8311874105866,0,İşlenebilen endüstriler,Derecelendirme yok
MOBTL,MOBİLTEL İLETİŞİM HİZMETLERİ SANAYİ VE TİCARET A.Ş.,14.83,TRY,-1.8530774321641255,3858401,0.8093260158120162,15487749648,TRY,21.137400228050172,0.7016,TRY,402.5787965616046,0,Dağıtım servisleri,Derecelendirme yok
MOGAN,Mogan Enerji Yatirim Holding,20.2,TRY,7.561235356762502,112318076,5.648741572898314,45825228228,TRY,,-3.5773,TRY,-110.82626119754832,0,"Elektrik, Su, Gaz Hizmetleri",Derecelendirme yok
MOPAS,Mopas Marketcilik Gida Sanayi Ve Ticaret A.S.,28.82,TRY,-0.4146510020732584,2805201,0.9483424347963254,7900620146,TRY,35.97104343484773,0.8012,TRY,,0,Perakende satış,Derecelendirme yok
MPARK,MLP SAĞLIK HİZMETLERİ A.Ş.,406,TRY,-1.276595744680851,1285460,2.013858850656322,78553770142,TRY,13.387233986428114,30.3274,TRY,0.8278365870525106,0,Sağlık hizmetleri,Güçlü al
MRGYO,MARTI GAYRİMENKUL YATIRIM ORTAKLIĞI A.Ş.,1.29,TRY,-1.5267175572519098,39894467,0.5331496259198794,3137762331,TRY,1.8603980386501298,0.6934,TRY,-56.150003161955354,0,Finans,Derecelendirme yok
MRSHL,MARSHALL BOYA VE VERNİK SANAYİİ A.Ş.,1525,TRY,0,28820,0.5361062539529,16766054273.000002,TRY,,-18.3018,TRY,-24.378508420208494,0,İşlenebilen endüstriler,Derecelendirme yok
MSGYO,MİSTRAL GAYRİMENKUL YATIRIM ORTAKLIĞI A.Ş.,6.24,TRY,-0.7949125596184391,1695810,0.32101799852004725,2953080311,TRY,153.31695331695332,0.0407,TRY,-78.31646244006394,6.7685532591415,Finans,Derecelendirme yok
MTRKS,MATRİKS FİNANSAL TEKNOLOJİLER A.Ş.,27.06,TRY,-0.7336757153338328,953617,0.9010254934836024,2730838615,TRY,10.50628979655226,2.5756,TRY,80.74385964912281,0.730194424064563,Teknoloji hizmetleri,Derecelendirme yok
MTRYO,METRO YATIRIM ORTAKLIĞI A.Ş.,8.83,TRY,-0.3386004514672614,251509,0.9019392254573727,372119986,TRY,4.222254100320375,2.0913,TRY,,0.584130925507901,Çeşitli Hizmetler,Derecelendirme yok
MZHLD,MAZHAR ZORLU HOLDİNG A.Ş.,5.21,TRY,-1.1385199240986643,282510,0.8872517274886337,572105918,TRY,,,,,0,Üretici imalatı,Derecelendirme yok
NATEN,NATUREL YENİLENEBİLİR ENERJİ TİCARET A.Ş.,5.7,TRY,-1.5544041450777177,5347304,0.7492846923926818,4776749969,TRY,,-0.601,TRY,-249.05753968253967,0,Endüstriyel hizmetler,Derecelendirme yok
NETAS,NETAŞ TELEKOMÜNİKASYON A.Ş.,63.65,TRY,-2.675840978593283,254430,0.6679237764115773,4242157986,TRY,,-5.3435,TRY,-26.100294985250738,0,Teknoloji hizmetleri,Derecelendirme yok
NETCD,Netcad Yazilim A.S.,131.7,TRY,-0.30280090840272955,2260363,0.7146313424846467,18097700000,TRY,,,,,3.31533838001514,Teknoloji hizmetleri,Derecelendirme yok
NIBAS,NİĞBAŞ NİĞDE BETON SANAYİ VE TİCARET A.Ş.,3.69,TRY,-2.3809523809523774,6738779,0.9170839383464222,1224719991,TRY,,-1.2603,TRY,-2282.4196597353493,0,Endüstriyel hizmetler,Derecelendirme yok
NTGAZ,NATURELGAZ SANAYİ VE TİCARET A.Ş.,11.31,TRY,-0.17652250661959024,2130005,0.5642207533680312,7817699947,TRY,7.413962635201573,1.5255,TRY,63.69782165468399,7.67488967343336,"Elektrik, Su, Gaz Hizmetleri",Derecelendirme yok
NTHOL,NET HOLDİNG A.Ş.,45.62,TRY,-1.5537332757876694,2390761,1.2786773122158903,22917702477,TRY,12.006843005658638,3.7995,TRY,-28.20430452939286,0,Tüketici hizmetleri,Derecelendirme yok
NUGYO,NUROL GAYRİMENKUL YATIRIM ORTAKLIĞI A.Ş.,9.19,TRY,-0.969827586206895,941861,0.3898586524844243,3102532342,TRY,,-1.7614,TRY,-242.08584191105072,0,Finans,Derecelendirme yok
NUHCM,NUH ÇİMENTO SANAYİ A.Ş.,217.9,TRY,-1.4027149321266943,27999,0.8290620308599753,33197203949.000004,TRY,1258.0831408775982,0.1732,TRY,-98.32606867757492,10.1809954751131,Enerji-dışı mineraller,Derecelendirme yok
OBAMS,Oba Makarnacilik Sanayi Ve Ticaret A. S.,4.92,TRY,-1.7964071856287396,40897074,1.1440449262835057,14411418551,TRY,,-1.0833,TRY,-2380.631578947369,0.696926147704591,Dayanıklı olmayan tüketici ürünleri,Derecelendirme yok
OBASE,OBASE BİLGİSAYAR VE DANIŞMANLIK HİZMETLERİ TİCARET A.Ş.,40.62,TRY,-2.6366251198465998,580047,0.5845550299353585,1898260056,TRY,406.19999999999993,0.1,TRY,,0,Teknoloji hizmetleri,Derecelendirme yok
ODAS,ODAŞ ELEKTRİK ÜRETİM SANAYİ TİCARET A.Ş.,7.38,TRY,-3.2765399737876804,59842377,0.7205072609823051,10682000160,TRY,40.217983651226156,0.1835,TRY,,0,"Elektrik, Su, Gaz Hizmetleri",Derecelendirme yok
ODINE,Odine Solutions Teknoloji Ticaret ve Sanayi AS,2745,TRY,-5.507745266781412,1037328,1.6314159484100847,321002500000,TRY,,,,,0,Teknoloji hizmetleri,Derecelendirme yok
OFSYM,Ofis Yem Gida Sanayi ve Ticaret A.S.,51.05,TRY,1.0891089108910834,1539233,2.117315062161783,7385625000,TRY,35.21418224460233,1.4497,TRY,-50.63842827471143,1.65506138613861,İşlenebilen endüstriler,Derecelendirme yok
ONCSM,ONCOSEM ONKOLOJİK SİSTEMLER SANAYİ VE TİCARET A.Ş.,248,TRY,-1.9762845849802373,181016,0.3013793964620187,6034050097,TRY,123.88231180378641,2.0019,TRY,,0,Sağlık teknolojisi,Derecelendirme yok
ONRYT,Onur Yuksek Teknoloji AS,59.9,TRY,-4.769475357710652,793092,0.9370339003877193,3952007211,TRY,,-2.4613,TRY,-10112.86307053942,0,Elektronik teknoloji,Derecelendirme yok
ORCAY,ORÇAY ORTAKÖY ÇAY SANAYİ VE TİCARET A.Ş.,3.77,TRY,-2.3316062176165766,917240,0.6265011688327217,926400032,TRY,,-0.6603,TRY,-59.95639534883721,0,Dayanıklı olmayan tüketici ürünleri,Derecelendirme yok
ORGE,ORGE ENERJİ ELEKTRİK TAAHHÜT A.Ş.,99.55,TRY,-1.0437375745526811,1281692,1.5812287471327275,7993924462,TRY,10.380496553737709,9.5901,TRY,16.335294474434413,0,Endüstriyel hizmetler,Güçlü al
ORMA,ORMA ORMAN MAHSULLERİ İNTEGRE SANAYİ VE TİCARET A.Ş.,173.6,TRY,3.33333333333333,5108,1.1302635363883786,4569600128,TRY,256.3118263694079,0.6773,TRY,,0,Enerji-dışı mineraller,Derecelendirme yok
ORZAX,Orzaks Ilac ve Kimya Sanayi Ticaret A.S.,119.3,TRY,4.557405784399652,26316842,1.2200453471840056,,,,,,,,Sağlık teknolojisi,Derecelendirme yok
OSMEN,OSMANLI YATIRIM MENKUL DEĞERLER A.Ş.,8,TRY,2.040816326530614,3461698,0.6925793294090834,3147063821,TRY,21.84002184002184,0.3663,TRY,-18.816489361702125,2.34021683673469,Finans,Derecelendirme yok
OSTIM,OSTİM ENDÜSTRİYEL YATIRIMLAR VE İŞLETME A.Ş.,1.57,TRY,0.6410256410256416,6862272,0.554353256795655,1242539954,TRY,,-0.0458,TRY,-126.08200455580867,0,Çeşitli Hizmetler,Derecelendirme yok
OTKAR,OTOKAR OTOMOTİV VE SAVUNMA SANAYİ A.Ş.,290.5,TRY,-2.680067001675042,567699,1.0015712540604549,35820000000,TRY,,-47.952,TRY,-246.74958420710098,0,Dayanıklı tüketim malları,Nötr
OTTO,OTTO HOLDİNG A.Ş.,184.7,TRY,-4.300518134715032,444692,1.0436846321186053,1473643945,TRY,,-3.0411,TRY,-192.3616594788313,0,İşlenebilen endüstriler,Derecelendirme yok
OYAKC,OYAK ÇİMENTO FABRİKALARI A.Ş.,20.26,TRY,-1.5549076773566413,19710689,0.9311581037302576,100052875205,TRY,13.048238552199395,1.5527,TRY,7.060608150037926,4.85908649173955,Enerji-dışı mineraller,Güçlü al
OYAYO,OYAK YATIRIM ORTAKLIĞI A.Ş.,47.52,TRY,-6.086956521739127,232793,2.9266014447386217,1011999969,TRY,115.0883991281182,0.4129,TRY,,0,Finans,Derecelendirme yok
OYLUM,OYLUM SINAİ YATIRIMLAR A.Ş.,7.5,TRY,0.5361930294906171,384623,1.6324236136370924,634100003,TRY,,-1.0593,TRY,-248.34056854782241,0,Dayanıklı olmayan tüketici ürünleri,Derecelendirme yok
OYYAT,OYAK YATIRIM MENKUL DEĞERLER A.Ş.,34.38,TRY,-4.9225663716814,819881,1.6719817572550106,10847999954,TRY,4.986077271145144,6.8952,TRY,417.65765765765764,10.4377461283186,Finans,Derecelendirme yok
OZATD,OZATA DENIZCILIK SANAYI VE TICARET AS,4477.5,TRY,8.41404358353511,263128,0.5672601748337907,294675493698,TRY,,-4.5705,TRY,-503.22011468901627,0,Üretici imalatı,Derecelendirme yok
OZGYO,ÖZDERİCİ GAYRİMENKUL YATIRIM ORTAKLIĞI A.Ş.,2.34,TRY,3.539823008849561,164964631,2.7188842707061562,2175249991,TRY,39,0.06,TRY,,0.741150442477876,Finans,Derecelendirme yok
OZKGY,ÖZAK GAYRİMENKUL YATIRIM ORTAKLIĞI A.Ş.,12.57,TRY,0.39936102236422294,3333144,0.9766513639168705,18201763732,TRY,,-0.3264,TRY,5.226480836236923,1.5870607028754,Finans,Derecelendirme yok
OZRDN,ÖZERDEN PLASTİK SANAYİ VE TİCARET A.Ş.,28.48,TRY,-3.588354773188892,227140,0.6842524630708828,2171190067,TRY,,-0.6335,TRY,11.410991469724516,0,İşlenebilen endüstriler,Derecelendirme yok
OZSUB,ÖZSU BALIK ÜRETİM A.Ş.,39.44,TRY,4.063324538258573,8554009,2.6244803624859494,4548000183,TRY,14.022113983005653,2.8127,TRY,,1.62708970976253,İşlenebilen endüstriler,Derecelendirme yok
OZYSR,Ozyasar Tel ve Galvanizleme Sanayi Anonim Sirketi,12.43,TRY,-1.8167456556082182,5068084,1.4119503232401645,5356699074,TRY,,-0.3115,TRY,31.94232029713786,0,Üretici imalatı,Derecelendirme yok
PAGYO,PANORA GAYRİMENKUL YATIRIM ORTAKLIĞI A.Ş.,162.6,TRY,0,54294,0.39954992313517246,14146200531,TRY,8.500271841411903,19.1288,TRY,142.90231235158916,4.43834255842559,Finans,Derecelendirme yok
PAHOL,PASIFIK HOLDING A.S,1.33,TRY,-4.999999999999989,380263710,1.7584801859947978,27999999523,TRY,,,,,0,Çeşitli Hizmetler,Derecelendirme yok
PAMEL,PAMEL YENİLENEBİLİR ELEKTRİK ÜRETİM A.Ş.,81.55,TRY,-9.839690436705368,862116,4.009595689939036,2812572439,TRY,,-13.2235,TRY,-28.914170956169077,0,"Elektrik, Su, Gaz Hizmetleri",Derecelendirme yok
PAPIL,PAPİLON SAVUNMA TEKNOLOJİ VE TİCARET A.Ş.,11.51,TRY,-0.8613264427217885,3860134,0.6524827586148589,2393238908,TRY,,,,,0,Elektronik teknoloji,Derecelendirme yok
PARSN,PARSAN MAKİNA PARÇALARI SANAYİİ A.Ş.,73,TRY,-2.07914151576123,313221,1.2974595192430844,6392039388,TRY,,-13.9847,TRY,-29.56474206937445,0,Üretici imalatı,Derecelendirme yok
PASEU,Pasifik Eurasia Lojistik dis Ticaret AS,180.9,TRY,1.6292134831460705,8866926,0.5816772002702647,119616000000,TRY,116.39428644962038,1.5542,TRY,601.6704288939052,0,Taşımacılık,Derecelendirme yok
PATEK,Pasifik Teknoloji AS,19.25,TRY,-0.7220216606498224,8115158,0.9070128825957886,13086978539,TRY,26.26552053486151,0.7329,TRY,,0,Teknoloji hizmetleri,Derecelendirme yok
PCILT,PC İLETİŞİM VE MEDYA HİZMETLERİ SANAYİ TİCARET A.Ş.,33.04,TRY,0.7931665649786394,1574949,0.8340420272294156,3722285754,TRY,7.679077766931623,4.3026,TRY,98.50519031141869,2.57764185478951,Ticari hizmetler,Derecelendirme yok
PEKGY,PEKER GAYRİMENKUL YATIRIM ORTAKLIĞI A.Ş.,14.74,TRY,-0.06779661016949008,231047142,1.7046874439449382,73750000000,TRY,29.228633749752134,0.5043,TRY,388.18973862536296,0,Finans,Derecelendirme yok
PENGD,PENGUEN GIDA SANAYİ A.Ş.,9.69,TRY,-1.0214504596527034,1721478,0.5689716288909042,1713249993,TRY,,-0.8951,TRY,54.81803038715866,0,Dayanıklı olmayan tüketici ürünleri,Derecelendirme yok
PENTA,PENTA TEKNOLOJİ ÜRÜNLERİ DAĞITIM TİCARET A.Ş.,13.4,TRY,-0.740740740740738,1293079,0.9246941616103598,5312465881,TRY,57.758620689655174,0.232,TRY,-70.82494969818913,0,Dağıtım servisleri,Derecelendirme yok
PETKM,PETKİM PETROKİMYA HOLDİNG A.Ş.,20.24,TRY,3.265306122448964,97056514,1.1537918543294714,49674239053,TRY,,-2.7417,TRY,31.194318267372704,0,İşlenebilen endüstriler,Sat
PETUN,PINAR ENTEGRE ET VE UN SANAYİİ A.Ş.,10.58,TRY,-2.0370370370370425,1010560,0.9393603377741084,3276126071,TRY,14.591090884016,0.7251,TRY,153.70888733379985,2.26851851851852,Dayanıklı olmayan tüketici ürünleri,Derecelendirme yok
PGSUS,PEGASUS HAVA TAŞIMACILIĞI A.Ş.,156.5,TRY,-1.5103838892385182,10401730,0.9116848026270775,79449996948,TRY,9.07088622268591,17.253,TRY,-53.52051207448356,0,Taşımacılık,Al
PINSU,PINAR SU VE İÇECEK SANAYİ VE TİCARET A.Ş.,10.39,TRY,-0.28790786948175967,2036219,0.8048604389290467,2962282195,TRY,51.43564356435643,0.202,TRY,70.8967851099831,0,Dayanıklı olmayan tüketici ürünleri,Derecelendirme yok
PKART,PLASTİKKART AKILLI KART İLETİŞİM SİSTEMLERİ SANAYİ VE TİCARET A.Ş.,119.2,TRY,-3.7156704361873945,304999,0.6213795608645313,2816450069,TRY,30.874430169912973,3.8608,TRY,176.58141700694893,0,Ticari hizmetler,Derecelendirme yok
PKENT,PETROKENT TURİZM A.Ş.,122.9,TRY,-2.2275258552108173,188309,1.0282377840487174,3127818125,TRY,806.4304461942257,0.1524,TRY,-22.08588957055214,0,Tüketici hizmetleri,Derecelendirme yok
PLTUR,PLATFORM TURİZM TAŞIMACILIK GIDA İNŞAAT TEMİZLİK HİZMETLERİ SANAYİ VE TİCARET A.Ş.,20.7,TRY,-0.7670182166826469,799406,0.7144154259667772,5105485149,TRY,8.95638629283489,2.3112,TRY,-24.113475177304963,3.6431447746884,Taşımacılık,Derecelendirme yok
PNLSN,PANELSAN ÇATI CEPHE SİSTEMLERİ SANAYİ VE TİCARET A.Ş.,47.3,TRY,0.3820033955857379,1288190,1.167473793490028,3533999920,TRY,12.99057976984977,3.6411,TRY,,1.45999575551783,Enerji-dışı mineraller,Derecelendirme yok
PNSUT,PINAR SÜT MAMULLERİ SANAYİİ A.Ş.,10.51,TRY,-0.8490566037735837,1473660,0.9985625242329235,3335368016,TRY,,-3.1895,TRY,34.260156233897405,0,Dayanıklı olmayan tüketici ürünleri,Derecelendirme yok
POLHO,POLİSAN HOLDİNG A.Ş.,21.04,TRY,0.1904761904761864,934728,0.45609919369913987,15928500000,TRY,,-2.1437,TRY,-67.75178026449643,0,İşlenebilen endüstriler,Derecelendirme yok
POLTK,POLİTEKNİK METAL SANAYİ VE TİCARET A.Ş.,4377.5,TRY,0.40137614678899086,5503,0.7880567091507947,16350000000,TRY,,-5.5849,TRY,1.7400330764629217,0,İşlenebilen endüstriler,Derecelendirme yok
PRDGS,PARDUS GİRİŞİM SERMAYESİ YATIRIM ORTAKLIĞI A.Ş.,7.74,TRY,-0.12903225806451338,15128224,1.39446028986997,1519000000,TRY,155.11022044088176,0.0499,TRY,-84.28346456692914,0,Finans,Derecelendirme yok
PRKAB,TÜRK PRYSMİAN KABLO VE SİSTEMLERİ A.Ş.,33.96,TRY,-0.23501762632196915,710381,0.5158264342849026,7343573910,TRY,,-1.3044,TRY,59.54596203944919,0,Üretici imalatı,Derecelendirme yok
PRKME,PARK ELEKTRİK ÜRETİM MADENCİLİK SANAYİ VE TİCARET A.Ş.,17.76,TRY,-2.3102310231023,2022772,0.8623979197794264,2706406624,TRY,,-2.5596,TRY,-994.3396226415094,0,Enerji-dışı mineraller,Derecelendirme yok
PRZMA,PRİZMA PRES MATBAACILIK YAYINCILIK SANAYİ VE TİCARET A.Ş.,66.95,TRY,-2.688953488372085,3166905,0.9364465491944449,5307069474,TRY,,-0.0396,TRY,-9800.000000000002,0,Ticari hizmetler,Derecelendirme yok
PSDTC,PERGAMON STATUS DIŞ TİCARET A.Ş.,162.2,TRY,-3.9099526066350845,1076797,1.5157387128318873,1253340055,TRY,42.24178342622012,3.8398,TRY,-35.06392477846175,1.01465521327014,İşlenebilen endüstriler,Derecelendirme yok
PSGYO,PASİFİK GAYRİMENKUL YATIRIM ORTAKLIĞI A.Ş.,3.67,TRY,-3.166226912928763,183128966,0.5404094582794987,26097362355,TRY,7.848588537211291,0.4676,TRY,-24.004550625711026,0.2688654353562,Finans,Derecelendirme yok
QNBFK,QNB Finansal Kiralama A.S.,44.44,TRY,-3.180827886710241,14706,0.3972565365259369,114750003815,TRY,49.00749889722099,0.9068,TRY,13.293353323338335,0,Finans,Derecelendirme yok
QNBTR,QNB Bank AS,192.1,TRY,-4.665012406947894,16111,1.1265094359411807,1108250000000,TRY,19.143571805833755,10.0347,TRY,35.80408980796039,0,Finans,Derecelendirme yok
QUAGR,QUA GRANITE HAYAL YAPI VE ÜRÜNLERİ SANAYİ TİCARET A.Ş.,3.27,TRY,-2.6785714285714244,31499114,0.42909515520411223,8859324493,TRY,,-0.3804,TRY,64.14365161655198,0,Enerji-dışı mineraller,Derecelendirme yok
RALYH,RAL YATIRIM HOLDİNG A.Ş.,235.2,TRY,0.4269854824935952,2340242,0.7122416876751158,77882348460,TRY,24.61486939048895,9.5552,TRY,124.53238086286302,0,Endüstriyel hizmetler,Derecelendirme yok
RAYSG,RAY SİGORTA A.Ş.,159.3,TRY,-2.2699386503067416,127145,1.081866891529113,26580386322,TRY,6.770771349393904,23.5276,TRY,82.2573398404214,0,Finans,Derecelendirme yok
REEDR,Reeder Teknoloji Sanayi ve Ticaret A.S.,6.39,TRY,-10,72112063,4.598590265990769,6744999909,TRY,,-1.0918,TRY,-10.763924114842252,0,Teknoloji hizmetleri,Derecelendirme yok
RGYAS,RÖNESANS GAYRİMENKUL YATIRIM A.Ş.,201.4,TRY,1.7171717171717198,1369001,1.2986277148200445,65538000000,TRY,3.6281162798657562,55.5109,TRY,1477.955598510475,0.827972727272727,Finans,Güçlü al
RNPOL,RAİNBOW POLİKARBONAT SANAYİ TİCARET A.Ş.,2.3,TRY,5.022831050228305,3308490,1.7498454435150987,1314000034,TRY,,-0.0983,TRY,-598.984771573604,0,Üretici imalatı,Derecelendirme yok
RODRG,RODRİGO TEKSTİL SANAYİ VE TİCARET A.Ş.,23.56,TRY,-1.7514595496246943,100349,0.4497803069114464,679593191,TRY,50.40650406504065,0.4674,TRY,,0,Dayanıklı olmayan tüketici ürünleri,Derecelendirme yok
RTALB,RTA LABORATUVARLARI BİYOLOJİK ÜRÜNLER İLAÇ VE MAKİNE SANAYİ TİCARET A.Ş.,2.98,TRY,-1.6501650165016444,14922883,0.8181431886696298,1514999986,TRY,4.501510574018127,0.662,TRY,,0,Sağlık teknolojisi,Derecelendirme yok
RUBNS,RUBENİS TEKSTİL SANAYİ TİCARET A.Ş.,26.4,TRY,5.179282868525885,7394775,1.8166672685558125,2056944955,TRY,,-0.7194,TRY,26.154793676863058,0,İşlenebilen endüstriler,Derecelendirme yok
RUZYE,Ruzy Madencilik Ve Enerji Yatirimlari Sanayi Ve Ticaret A.S.,8.24,TRY,-0.7228915662650661,23417210,2.1828954684896593,2282500052,TRY,,-0.1644,TRY,-779.144385026738,0,İşlenebilen endüstriler,Derecelendirme yok
RYGYO,REYSAŞ GAYRİMENKUL YATIRIM ORTAKLIĞI A.Ş.,40.8,TRY,1.1904761904761827,2594961,0.620787953231363,80498667750,TRY,4.7370804258728185,8.6129,TRY,1.3759416195856795,0,Finans,Derecelendirme yok
RYSAS,REYSAŞ TAŞIMACILIK VE LOJİSTİK TİCARET A.Ş.,25.02,TRY,8.782608695652172,24135021,1.6663974265129213,45908946167,TRY,15.031541003304294,1.6645,TRY,298.9693192713327,0,Taşımacılık,Derecelendirme yok
SAFKR,SAFKAR EGE SOĞUTMACILIK KLİMA SOĞUK HAVA TESİSLERİ İHRACAT İTHALAT SANAYİ VE TİCARET A.Ş.,21.46,TRY,4.682926829268297,3592951,1.3626376351994434,4100000000,TRY,29.776606077424727,0.7207,TRY,184.0756799369334,0,Üretici imalatı,Derecelendirme yok
SAHOL,HACI ÖMER SABANCI HOLDİNG A.Ş.,89.1,TRY,0.22497187851517278,30205242,0.861779936634218,186554092118,TRY,25.455688246385918,3.5002,TRY,,1.59005624296963,Finans,Güçlü al
SAMAT,SARAY MATBAACILIK KAĞITÇILIK KIRTASİYECİLİK TİCARET VE SANAYİ A.Ş.,5.37,TRY,-1.467889908256882,873174,0.9200943008829597,612579987,TRY,16.776007497656984,0.3201,TRY,,0,Ticari hizmetler,Derecelendirme yok
SANEL,SAN-EL MÜHENDİSLİK ELEKTRİK TAAHHÜT SANAYİ VE TİCARET A.Ş.,75.05,TRY,0.06666666666666288,145800,0.7360636346701117,1369149971,TRY,5.246747436049803,14.3041,TRY,,0,Üretici imalatı,Derecelendirme yok
SANFM,SANİFOAM ENDÜSTRİ VE TÜKETİM ÜRÜNLERİ SANAYİ TİCARET A.Ş.,9.09,TRY,-2.98826040554962,2637089,0.43287526269159093,3513749957,TRY,133.08931185944363,0.0683,TRY,358.38926174496646,0.426894343649947,İşlenebilen endüstriler,Derecelendirme yok
SANKO,SANKO PAZARLAMA İTHALAT İHRACAT A.Ş.,18.3,TRY,-2.347918890074695,507151,2.0464283912881194,2810999966,TRY,,-0.8447,TRY,16.150486400635305,0,İşlenebilen endüstriler,Derecelendirme yok
SARAE,SA-RA Enerji Insaat Ticaret ve Sanayi A.S.,78.55,TRY,-3.9143730886850183,43519948,1.0533379995552499,36337875000,TRY,,,,,,Endüstriyel hizmetler,Derecelendirme yok
SARKY,SARKUYSAN ELEKTROLİTİK BAKIR SANAYİ VE TİCARET A.Ş.,24.72,TRY,-0.3225806451612978,8014163,1.9049429506861564,24799999237,TRY,69.39921392476137,0.3562,TRY,21.569965870307183,1.42314919354839,Üretici imalatı,Derecelendirme yok
SASA,SASA POLYESTER SANAYİ A.Ş.,2.56,TRY,1.5873015873015885,2817691000,0.9128057254638986,132267081499,TRY,,-0.4816,TRY,-405.58375634517773,0,İşlenebilen endüstriler,Derecelendirme yok
SAYAS,SAY YENİLENEBİLİR ENERJİ EKİPMANLARI SANAYİ VE TİCARET A.Ş.,52.4,TRY,0.28708133971291594,5787172,2.708272330380118,4036312500,TRY,18.13023320185454,2.8902,TRY,,0,Üretici imalatı,Derecelendirme yok
SDTTR,SDT UZAY VE SAVUNMA TEKNOLOJİLERİ A.Ş.,237,TRY,-1.5371832156211005,535975,0.6256964261845155,13960599823,TRY,122.82974863954392,1.9295,TRY,89.20376544420475,0.0710585791441629,Elektronik teknoloji,Derecelendirme yok
SEGMN,Segmen Kardesler Gida Uretim ve Ambalaj Sanayi AS,46.84,TRY,-3.81930184804928,736733,0.6907912379302132,8717300137,TRY,37.56516160076991,1.2469,TRY,-3.0781189273221985,1.25820328542094,Dayanıklı olmayan tüketici ürünleri,Derecelendirme yok
SEGYO,ŞEKER GAYRİMENKUL YATIRIM ORTAKLIĞI A.Ş.,3.95,TRY,0.5089058524173032,2383315,0.6305629974320455,3179587375,TRY,,-1.8177,TRY,-112.57162904923403,0,Finans,Derecelendirme yok
SEKFK,ŞEKER FİNANSAL KİRALAMA A.Ş.,5.38,TRY,3.6608863198458477,858953,0.7127757646679086,1003849802,TRY,4.334165793925723,1.2413,TRY,47.212998102466806,0,Finans,Derecelendirme yok
SEKUR,SEKURO PLASTİK AMBALAJ SANAYİ A.Ş.,11.29,TRY,-3.83304940374788,2009002,1.1810120493089948,2202909851,TRY,49.27979048450458,0.2291,TRY,2728.3950617283954,0,İşlenebilen endüstriler,Derecelendirme yok
SELEC,SELÇUK ECZA DEPOSU TİCARET VE SANAYİ A.Ş.,212,TRY,1.7762842054728702,4327448,0.6856354502139264,129354301895,TRY,111.43818334735072,1.9024,TRY,-32.7393579408853,0.211233797407585,Dağıtım servisleri,Al
SELVA,SELVA GIDA SANAYİ A.Ş.,1.72,TRY,-0.5780346820809253,14407554,0.31303849222246155,1821690020,TRY,,-0.7721,TRY,-457.2882924571958,0,Dayanıklı olmayan tüketici ürünleri,Derecelendirme yok
SERNT,Seranit Granit Seramik Sanayi ve Ticaret A.S.,8.02,TRY,-2.9055690072639253,8500921,1.4792909437335733,3411380095,TRY,,,,,0,Üretici imalatı,Derecelendirme yok
SEYKM,SEYİTLER KİMYA SANAYİ A.Ş.,4.66,TRY,0.2150537634408556,1404518,0.7293622469698444,930000019,TRY,33.238231098430816,0.1402,TRY,88.9487870619946,0,Sağlık teknolojisi,Derecelendirme yok
SILVR,SİLVERLİNE ENDÜSTRİ VE TİCARET A.Ş.,2.24,TRY,-1.7543859649122628,607148,0.3957046466169571,797999990,TRY,,-0.672,TRY,-463.2858340318525,0,Üretici imalatı,Derecelendirme yok
SISE,TÜRKİYE ŞİŞE VE CAM FABRİKALARI A.Ş.,42.44,TRY,0,45556303,1.1614164441417187,125684594986,TRY,11.325789923142613,3.7472,TRY,199.84796351124265,1.38458529688973,Dayanıklı tüketim malları,Al
SKBNK,ŞEKERBANK T.A.Ş.,5.97,TRY,-7.298136645962742,301234580,1.9594714481620725,16100000143,TRY,5.471041055718475,1.0912,TRY,-19.917804197857045,0.993788819875776,Finans,Derecelendirme yok
SKTAS,SÖKTAŞ TEKSTİL SANAYİ VE TİCARET A.Ş.,3.17,TRY,-1.5527950310559087,4769189,0.5578462332121693,1610000014,TRY,,-0.207,TRY,79.59787108219989,0,İşlenebilen endüstriler,Derecelendirme yok
SKYLP,Skyalp Finansal Teknolojiler ve Danismanlik A.S,252.75,TRY,-4.53257790368272,39654,0.3281255042403776,2515125000,TRY,,-2.7385,TRY,-128.99071828748225,0,Ticari hizmetler,Derecelendirme yok
SKYMD,Seker Yatirim Menkul Degerler A.S.,14.81,TRY,5.334281650071124,2789445,0.9009160166292448,2179300065,TRY,,-0.8199,TRY,-100.70991432068543,0,Finans,Derecelendirme yok
SMART,SMARTİKS YAZILIM A.Ş.,23.3,TRY,-3.239202657807299,1195589,0.5396267802860193,767248979,TRY,,-1.3268,TRY,-714.2592592592592,0,Teknoloji hizmetleri,Derecelendirme yok
SMRTG,SMART GÜNEŞ ENERJİSİ TEKNOLOJİLERİ ARAŞTIRMA GELİŞTİRME ÜRETİM SANAYİ VE TİCARET A.Ş.,10.94,TRY,0.5514705882352824,15182378,0.4689333433686235,19770265755,TRY,,-0.0229,TRY,75.37634408602149,0,Elektronik teknoloji,Derecelendirme yok
SMRVA,Sumer Varlik Yonetim A.S.,11.39,TRY,0.44091710758378055,10926134,1.3139851572248213,6804000092,TRY,,,,,1.6597619047619,Ticari hizmetler,Derecelendirme yok
SNGYO,SİNPAŞ GAYRİMENKUL YATIRIM ORTAKLIĞI A.Ş.,3.25,TRY,-3.2738095238095206,11704289,0.36448933947013096,13088036419,TRY,15.761396702230844,0.2062,TRY,-82.07735767057801,0,Finans,Derecelendirme yok
SNICA,SANİCA ISI SANAYİ A.Ş.,3.54,TRY,-1.1173184357541908,9427525,0.5707195881061518,2147999954,TRY,,-1.2945,TRY,28.889255108767305,0,Üretici imalatı,Derecelendirme yok
SNPAM,SÖNMEZ PAMUKLU SANAYİİ A.Ş.,20.76,TRY,9.899417681312869,135481,4.263988946694228,7367099762,TRY,,-0.874,TRY,-565.144596651446,0,İşlenebilen endüstriler,Derecelendirme yok
SODSN,SODAŞ SODYUM SANAYİİ A.Ş.,7.89,TRY,-2.2304832713754723,122277,1.7110820046514361,968399963,TRY,,-0.3954,TRY,-913.8461538461538,0,İşlenebilen endüstriler,Derecelendirme yok
SOHOE,Soho Giyim ve Enerji A.S.,10.83,TRY,0.9319664492078251,32733012,1.0301903054718495,3291538366,TRY,,,,,0,"Elektrik, Su, Gaz Hizmetleri",Derecelendirme yok
SOKE,SÖKE DEĞİRMENCİLİK SANAYİ VE TİCARET A.Ş.,15.02,TRY,0.1333333333333305,1196879,0.43900031466703815,5797500000,TRY,,-0.6711,TRY,-42.45383145828911,0,İşlenebilen endüstriler,Derecelendirme yok
SOKM,ŞOK MARKETLER TİCARET A.Ş.,51.3,TRY,-0.5813953488372176,5110060,0.83507943505889,30613761961,TRY,,-3.7604,TRY,-644.7811447811448,0,Perakende satış,Al
SONME,SÖNMEZ FİLAMENT SENTETİK İPLİK VE ELYAF SANAYİ A.Ş.,123,TRY,0.5723630417007383,14186,0.5849173298148762,9050200226,TRY,,-5.2011,TRY,-306.62243762911174,0.541424366312347,İşlenebilen endüstriler,Derecelendirme yok
SRVGY,SERVET GAYRİMENKUL YATIRIM ORTAKLIĞI A.Ş.,2.42,TRY,0,8645968,0.4808037743113634,7865000248,TRY,3.1766867944342345,0.7618,TRY,17.98048629394455,3.17863636363636,Finans,Derecelendirme yok
SSAAT,Saat ve Saat Sanayi ve Ticaret A.S.,37.06,TRY,0.1621621621621683,5916092,0.25431032205601656,24434392151,TRY,,,,,,Dayanıklı tüketim malları,Derecelendirme yok
SUMAS,SUMAŞ SUNİ TAHTA VE MOBİLYA SANAYİ A.Ş.,301.75,TRY,0.6672226855713094,4976,1.4143194156268653,1743026543,TRY,,-2.2749,TRY,-1016.1900926298832,0.669966972477064,İşlenebilen endüstriler,Derecelendirme yok
SUNTK,SUN TEKSTİL SANAYİ VE TİCARET A.Ş.,46.74,TRY,9.9764705882353,5337448,0.9565471049692135,20157838974,TRY,37.681393099000324,1.2404,TRY,-38.58189740542682,2.57439529411765,Dayanıklı olmayan tüketici ürünleri,Derecelendirme yok
SURGY,Sur Tatil Evleri Gayrimenkul Yatirim Ortakligi A.S.,63.9,TRY,-4.054054054054048,2596040,1.1021443679889562,11155499744,TRY,,-2.3639,TRY,-126.4936957130849,0,Finans,Derecelendirme yok
SUWEN,SUWEN TEKSTİL SANAYİ PAZARLAMA A.Ş.,6.69,TRY,9.852216748768482,13452833,2.1736101579445566,3410400085,TRY,,-0.0607,TRY,-138.73643905552012,2.05254515599343,Perakende satış,Derecelendirme yok
SVGYO,Savur Gayrimenkul Yatirim Ortakligi A.S,14.48,TRY,9.946848899012913,58358327,2.6424680203300905,14263110000,TRY,,,,,0.0584662110858011,Finans,Derecelendirme yok
TABGD,TAB Gida Sanayi ve Ticaret A.S.,254.5,TRY,2.249899558055442,1431589,1.5038271413261721,65035575261,TRY,27.526011810768136,9.2458,TRY,21.02782941068669,2.00883889112093,Tüketici hizmetleri,Güçlü al
TARKM,Tarkim Bitki Koruma Sanayi ve Ticaret A.S.,459.25,TRY,-0.1087547580206634,84804,0.7279100867442495,9654750000,TRY,,,,,0,İşlenebilen endüstriler,Derecelendirme yok
TATEN,Tatlipinar Enerji Uretim A.S.,10.44,TRY,-3.064066852367689,13872407,0.6532095724602267,12073762127,TRY,51.760039662865644,0.2017,TRY,-82.58203799654576,0,"Elektrik, Su, Gaz Hizmetleri",Derecelendirme yok
TATGD,TAT GIDA SANAYİ A.Ş.,17.05,TRY,0.3531489111242041,2313975,0.5133166173098752,4159151995.9999995,TRY,7.395679708510453,2.3054,TRY,836.7736692401461,0,Dayanıklı olmayan tüketici ürünleri,Derecelendirme yok
TAVHL,TAV HAVALİMANLARI HOLDİNG A.Ş.,284,TRY,-0.6993006993006993,2304975,0.5401637550548041,103312900330,TRY,19.56273161860939,14.5174,TRY,189.40454119570202,0.631115384615385,Taşımacılık,Güçlü al
TBORG,TÜRK TUBORG BİRA VE MALT SANAYİİ A.Ş.,132.8,TRY,-0.1503759398496155,86694,0.48174654377111953,42893595886,TRY,15.761675864933833,8.4255,TRY,-36.15594453284837,6.00629398496241,Dayanıklı olmayan tüketici ürünleri,Derecelendirme yok
TCELL,TURKCELL İLETİŞİM HİZMETLERİ A.Ş.,105.1,TRY,-2.3234200743494426,19872010,0.6256005370188574,234902223915,TRY,12.43507377039482,8.4519,TRY,27.878897916572104,3.37952044609665,İletişim,Güçlü al
TCKRC,Kirac Galvaniz Telekominikasyon Metal Makine Insaat Elektrik Sanayi Ve Ticaret AS,141.5,TRY,-2.413793103448276,1913017,0.9076197009512177,24466544113,TRY,16.887859836730797,8.3788,TRY,206.45550638235613,0,Üretici imalatı,Derecelendirme yok
TDGYO,TREND GAYRİMENKUL YATIRIM ORTAKLIĞI A.Ş.,16.93,TRY,0.4747774480712065,559766,0.5169108829555121,1162650026,TRY,8.014580571861389,2.1124,TRY,,0,Finans,Derecelendirme yok
TEHOL,Tera Yatirim Teknoloji Holding A.S.,48.66,TRY,0.12345679012344683,33501008,0.7993247545828335,96997819293,TRY,26.60615670621685,1.8289,TRY,472.96365914786975,0,Finans,Derecelendirme yok
TEKTU,TEK-ART İNŞAAT TİCARET TURİZM SANAYİ VE YATIRIMLAR A.Ş.,7.72,TRY,-0.1293661060802157,3917915,0.6671710121222562,2319000006,TRY,,-2.5239,TRY,-103.47468558529506,0,Tüketici hizmetleri,Derecelendirme yok
TERA,TERA YATIRIM MENKUL DEĞERLER A.Ş.,193.3,TRY,1.7368421052631637,15666651,1.1764708046825803,133000000000,TRY,2.165416296522003,89.2669,TRY,239.97242650559278,0,Finans,Derecelendirme yok
TEZOL,EUROPAP TEZOL KAĞIT SANAYİ VE TİCARET A.Ş.,9.24,TRY,-4.7422680412371045,10611429,1.7679373408758274,4849737926,TRY,36.75417661097852,0.2514,TRY,314.8514851485149,4.63917525773196,Dayanıklı olmayan tüketici ürünleri,Derecelendirme yok
TGSAS,TGS DIŞ TİCARET A.Ş.,178.6,TRY,-1.5977961432506917,165138,0.5894888797505227,2649900069,TRY,43.71664953248152,4.0854,TRY,-41.36406694032207,0.550964187327824,Dağıtım servisleri,Derecelendirme yok
THYAO,TÜRK HAVA YOLLARI A.O.,314,TRY,-3.011583011583012,70773407,1.4568594067492622,446775000000,TRY,3.3204533582050098,94.5654,TRY,24.26987731415775,2.12634996138996,Taşımacılık,Güçlü al
TKFEN,TEKFEN HOLDİNG A.Ş.,185.1,TRY,9.98217468805703,11487132,2.383687176184269,60010733321,TRY,,-14.8603,TRY,-2281.168354616175,0.197179441473559,Endüstriyel hizmetler,Derecelendirme yok
TKNSA,TEKNOSA İÇ VE DIŞ TİCARET A.Ş.,16.15,TRY,-0.3086419753086464,1374316,0.6557441502486412,3256200153,TRY,,-11.0201,TRY,-32.47541653643641,0,Perakende satış,Güçlü al
TLMAN,TRABZON LİMAN İŞLETMECİLİĞİ A.Ş.,79.5,TRY,-0.9962640099626366,84230,0.5338107611382217,1686300064,TRY,,-2.6414,TRY,1.3224745965331777,0,Taşımacılık,Derecelendirme yok
TMPOL,TEMAPOL POLİMER PLASTİK VE İNŞAAT SANAYİ TİCARET A.Ş.,460.5,TRY,-1.2861736334405145,543566,0.8571712871288689,6612637589,TRY,,-7.1211,TRY,-487.3952779893374,0,İşlenebilen endüstriler,Derecelendirme yok
TMSN,TÜMOSAN MOTOR VE TRAKTÖR SANAYİ A.Ş.,80.6,TRY,-1.0435850214855844,408508,0.3252815581230929,9366749649,TRY,,-35.6087,TRY,-171.6957540711628,0,Üretici imalatı,Derecelendirme yok
TNZTP,TAPDİ OKSİJEN ÖZEL SAĞLIK VE EĞİTİM HİZMETLERİ SANAYİ TİCARET A.Ş.,30,TRY,1.078167115902966,3477805,0.911041859664863,11872000122,TRY,15.680535228935815,1.9132,TRY,-33.66618126343526,0,Sağlık hizmetleri,Derecelendirme yok
TOASO,TOFAŞ TÜRK OTOMOBİL FABRİKASI A.Ş.,262.75,TRY,-3.577981651376147,5543008,1.173038654371907,136250000000,TRY,10.33435726394204,25.4249,TRY,500.52198970192273,7.3394495412844,Dayanıklı tüketim malları,Güçlü al
TRALT,Turk Altin Isletmeleri A.S.,48.84,TRY,5.394907207596029,169021351,0.8837868518439134,148403850489,TRY,31.027253668763105,1.5741,TRY,273.62924281984334,0,Enerji-dışı mineraller,Güçlü sat
TRCAS,TURCAS PETROL A.Ş.,42.66,TRY,-0.09367681498830503,784742,0.9380254968627375,10911073806,TRY,7.876516312475766,5.4161,TRY,56.28174053554942,6.41370960187354,"Elektrik, Su, Gaz Hizmetleri",Derecelendirme yok
TRENJ,TR Dogal Enerji Kaynaklari Arastirma ve Uretim Anonim Sirketi,100,TRY,6.439595529536985,2946461,1.259697641202594,24406851910,TRY,44.0392830404721,2.2707,TRY,,0,Enerji mineralleri,Derecelendirme yok
TRGYO,TORUNLAR GAYRİMENKUL YATIRIM ORTAKLIĞI A.Ş.,92.85,TRY,-0.3755364806867044,916647,0.9518878886005587,93086284305,TRY,11.276688770676964,8.2338,TRY,-3.517693930161709,5.36480686695279,Finans,Güçlü al
TRHOL,Tera Financial Investments Holding A.S.,1847,TRY,0.48966267682263326,114524,0.39629423161502636,55140000000,TRY,496.9061070755986,3.717,TRY,1051.1303809228864,0,Finans,Derecelendirme yok
TRILC,TURK İLAÇ VE SERUM SANAYİ A.Ş.,1.2,TRY,0,3784450,0.7150936621627364,1244400049,TRY,,-0.0514,TRY,73.77551020408163,0,Sağlık teknolojisi,Derecelendirme yok
TRMET,TR Anadolu Metal Madencilik Isletmeleri Anonim Sirketi,135.3,TRY,7.210776545166409,8090415,1.3882498996187143,48975693121,TRY,24.00510973510991,5.6363,TRY,,0,Enerji-dışı mineraller,Derecelendirme yok
TSGYO,TSKB GAYRİMENKUL YATIRIM ORTAKLIĞI A.Ş.,5.63,TRY,0.35650623885917243,1044237,0.6724351599906885,3646500087,TRY,40.532757379409645,0.1389,TRY,,0,Finans,Derecelendirme yok
TSKB,TÜRKİYE SINAİ KALKINMA BANKASI A.Ş.,11.27,TRY,-0.17714791851195372,16837148,1.0822774097072032,31611999893,TRY,2.955445414732646,3.8133,TRY,-13.365594329334792,4.74573073516386,Finans,Güçlü al
TSPOR,TRABZONSPOR SPORTİF YATIRIM VE FUTBOL İŞLETMECİLİĞİ TİCARET A.Ş.,1,TRY,2.040816326530614,1016909770,3.5366279191721697,7350000143,TRY,,-0.1283,TRY,17.33247422680413,0,Tüketici hizmetleri,Derecelendirme yok
TTKOM,TÜRK TELEKOMÜNİKASYON A.Ş.,53.35,TRY,-1.0204081632653008,54614886,1.3573619026959538,188650005341,TRY,6.859266116382525,7.7778,TRY,122.5153058305201,0,İletişim,Güçlü al
TTRAK,TÜRK TRAKTÖR VE ZİRAAT MAKİNELERİ A.Ş.,411,TRY,0.7352941176470588,126173,1.0155757623076376,40827283630,TRY,,-11.1474,TRY,-129.82853289663808,18.4925350490196,Üretici imalatı,Nötr
TUCLK,TUĞÇELİK ALÜMİNYUM VE METAL MAMÜLLERİ SANAYİ VE TİCARET A.Ş.,3.79,TRY,0,5207421,0.5077163477014024,1364399986,TRY,,-1.1686,TRY,-469.69313508383425,0,Enerji-dışı mineraller,Derecelendirme yok
TUKAS,TUKAŞ GIDA SANAYİ VE TİCARET A.Ş.,2.01,TRY,1.0050251256281304,60475181,1.2440970958149675,8955000043,TRY,,-0.216,TRY,-196,0,Dayanıklı olmayan tüketici ürünleri,Derecelendirme yok
TUPRS,TÜPRAŞ-TÜRKİYE PETROL RAFİNERİLERİ A.Ş.,303.75,TRY,4.651162790697675,54128289,2.195108390420832,559252438660,TRY,18.032699294721095,16.8444,TRY,84.53751684396191,6.13318759689923,Enerji mineralleri,Al
TUREX,TUREKS TURİZM TAŞIMACILIK A.Ş.,6.68,TRY,0,11129328,0.32276749918892883,7214399815,TRY,11.843971631205674,0.564,TRY,181.8590704647676,0,Finans,Derecelendirme yok
TURGG,TÜRKER PROJE GAYRİMENKUL VE YATIRIM GELİŞTİRME A.Ş.,25.86,TRY,-1.0711553175210449,369026,1.347314232513981,3350429487,TRY,15.49988012467034,1.6684,TRY,237.59611493322544,0,Finans,Derecelendirme yok
TURSG,TÜRKİYE SİGORTA A.Ş.,6.21,TRY,-0.6400000000000006,56918963,1.0514532246082817,125000000000,TRY,5.256030469741853,1.1815,TRY,36.96962670994667,1.6,Finans,Güçlü al
UCAYM,Ucay Muhendislik Enerji ve Iklimlendirme Teknolojileri,26.62,TRY,-0.37425149700598004,3304028,0.6750406134416365,6012000000,TRY,,,,,0,Endüstriyel hizmetler,Derecelendirme yok
UFUK,UFUK YATIRIM YÖNETİM VE GAYRİMENKUL A.Ş.,1747,TRY,0.46003450258769407,8787,0.41901319460008485,81466727566,TRY,167.93232721330384,10.403,TRY,,0,Finans,Derecelendirme yok
ULAS,ULAŞLAR TURİZM YATIRIMLARI VE DAYANIKLI TÜKETİM MALLARI TİCARET PAZARLAMA A.Ş.,20.82,TRY,-2.982292637465054,233244,1.3112936631263168,544701462,TRY,,,,,0,Tüketici hizmetleri,Derecelendirme yok
ULKER,ÜLKER BİSKÜVİ SANAYİ A.Ş.,87.3,TRY,-1.1884550084889611,3949252,0.7047776736968026,32625520642,TRY,8.818359966868016,9.8998,TRY,-48.816288123587896,6.48878551216752,Dayanıklı olmayan tüketici ürünleri,Al
ULUFA,ULUSAL FAKTORİNG A.Ş.,1.68,TRY,-1.7543859649122824,27062731,0.6602461886676322,1846800041,TRY,2.445058943385242,0.6871,TRY,-3.537835181805419,7.22397660818714,Finans,Derecelendirme yok
ULUSE,ULUSOY ELEKTRİK İMALAT TAAHHÜT VE TİCARET A.Ş.,292.5,TRY,4.651162790697675,201320,0.9733150582939912,22360000000,TRY,29.907975460122703,9.78,TRY,,0,Üretici imalatı,Derecelendirme yok
ULUUN,ULUSOY UN SANAYİ VE TİCARET A.Ş.,7.96,TRY,0,5910820,0.4110664317074495,5937618317,TRY,73.02752293577981,0.109,TRY,,0,İşlenebilen endüstriler,Derecelendirme yok
UNLU,ÜNLÜ YATIRIM HOLDİNG A.Ş.,10.9,TRY,-1.2681159420289747,761200,0.7076576327829558,1930454400,TRY,,-1.3914,TRY,-326.8098159509202,0,Finans,Derecelendirme yok
USAK,UŞAK SERAMİK SANAYİ A.Ş.,1.28,TRY,-1.5384615384615397,75435005,0.9951002827199293,3184999883,TRY,12.812812812812814,0.0999,TRY,,0,Üretici imalatı,Derecelendirme yok
VAKBN,TÜRKİYE VAKIFLAR BANKASI T.A.O.,31.42,TRY,0.834403080872919,31938498,0.9491772824067076,308980124112,TRY,4.302518246675888,7.3027,TRY,25.35532820653667,0,Finans,Al
VAKFA,VAKIF FAKTORİNG A.Ş.,11.11,TRY,0.1803426510369664,4533657,0.7560267763787759,9981000000,TRY,,,,,0,Finans,Derecelendirme yok
VAKFN,VAKIF FİNANSAL KİRALAMA A.Ş.,1.2,TRY,-0.8264462809917362,28638326,0.7156005518812151,7260000229,TRY,4.284184219921456,0.2801,TRY,3.0537159676232632,0,Finans,Derecelendirme yok
VAKKO,VAKKO TEKSTİL VE HAZIR GİYİM SANAYİ İŞLETMELERİ A.Ş.,66.75,TRY,-1.5486725663716772,96926,0.7266443508998477,10848000488,TRY,,-0.3158,TRY,-106.09276122858466,9.21828908554572,Dayanıklı olmayan tüketici ürünleri,Derecelendirme yok
VANGD,VANET GIDA SANAYİ İÇ VE DIŞ TİCARET A.Ş.,88.85,TRY,1.195899772209564,135068,0.9469133197280152,2195000076,TRY,9.74659938569548,9.116,TRY,,0,Dağıtım servisleri,Derecelendirme yok
VBTYZ,VBT YAZILIM A.Ş.,31,TRY,-6.0606060606060606,1800564,0.6893452754344718,3861000000,TRY,24.449877750611247,1.2679,TRY,70.87601078167116,0,Teknoloji hizmetleri,Derecelendirme yok
VERTU,VERUSATURK GİRİŞİM SERMAYESİ YATIRIM ORTAKLIĞI A.Ş.,35.64,TRY,-2.0879120879120827,445526,1.162927158285118,1882770162,TRY,,-3.3532,TRY,84.86761646456759,0,Finans,Derecelendirme yok
VERUS,VERUSA HOLDİNG A.Ş.,545,TRY,1.48975791433892,71755,1.0028356959474285,37590000000,TRY,,-7.5709,TRY,-3062.0109546165886,0,Finans,Derecelendirme yok
VESBE,VESTEL BEYAZ EŞYA SANAYİ VE TİCARET A.Ş.,5.84,TRY,0.5163511187607616,7593283,0.7632339589765733,9295999908,TRY,,-3.9956,TRY,-333.0334886745421,0.755576592082616,Dayanıklı tüketim malları,Derecelendirme yok
VESTL,VESTEL ELEKTRONİK SANAYİ VE TİCARET A.Ş.,22.84,TRY,-0.1748251748251711,4720735,0.5348121229602204,7675239137,TRY,,-78.0553,TRY,-66.17551882414054,0,Dayanıklı tüketim malları,Derecelendirme yok
VKFYO,VAKIF MENKUL KIYMET YATIRIM ORTAKLIĞI A.Ş.,25,TRY,-0.8723235527359194,169133,1.0641907090556053,756599979,TRY,,-0.4111,TRY,16.96626944051706,0,Finans,Derecelendirme yok
VKGYO,VAKIF GAYRİMENKUL YATIRIM ORTAKLIĞI A.Ş.,2.54,TRY,0.3952569169960566,5370793,0.5103543155702875,8728499901,TRY,11.656723267553923,0.2179,TRY,-78.15976746516989,4.03276679841897,Finans,Derecelendirme yok
VKING,VİKİNG KAĞIT VE SELÜLOZ A.Ş.,23.02,TRY,0.5240174672489127,279823,0.7589577041979009,961799984,TRY,,-23.4253,TRY,-74.57335340497518,0,Dayanıklı olmayan tüketici ürünleri,Derecelendirme yok
VRGYO,Vera Konsept Gayrimenkul Yatirim Ortakligi A.S.,1.75,TRY,-0.5681818181818187,9706966,0.8473247223413133,1443199992,TRY,,-1.1164,TRY,-125.44426494345721,0,Finans,Derecelendirme yok
VSNMD,Visne Madencilik Uretim Sanayi ve Ticaret AS,76.3,TRY,-1.29366106080207,512237,0.5213522179074503,9044100357,TRY,,-0.6528,TRY,,0.504029754204398,Enerji-dışı mineraller,Derecelendirme yok
YAPRK,YAPRAK SÜT VE BESİ ÇİFTLİKLERİ SANAYİ VE TİCARET A.Ş.,11.26,TRY,9.960937499999996,11839192,6.808861970577727,3053568057,TRY,154.03556771545828,0.0731,TRY,-54.959950708564385,0.244140625,İşlenebilen endüstriler,Derecelendirme yok
YATAS,YATAŞ YATAK VE YORGAN SANAYİ TİCARET A.Ş.,32.78,TRY,0.7995079950799446,411901,0.3861251753096898,4676500715,TRY,25.815088990392187,1.2698,TRY,231.62705667276052,0,Dağıtım servisleri,Derecelendirme yok
YAYLA,YAYLA ENERJİ ÜRETİM TURİZM VE İNŞAAT TİCARET A.Ş.,21.04,TRY,-1.2206572769953123,453076,0.4989491338958142,1062337462,TRY,,,,,0,Endüstriyel hizmetler,Derecelendirme yok
YBTAS,YİBİTAŞ YOZGAT İŞÇİ BİRLİĞİ İNŞAAT MALZEMELERİ TİCARET VE SANAYİ A.Ş.,14.09,TRY,1.3669064748201403,77159,1.1799455590897994,4169999885.9999995,TRY,57.22989439480097,0.2462,TRY,,0,Enerji-dışı mineraller,Derecelendirme yok
YEOTK,YEO TEKNOLOJİ ENERJİ VE ENDÜSTRİ A.Ş.,39.98,TRY,-1.3326752221125524,10535726,0.40270040557275383,33631600380.000004,TRY,20.412539569079954,1.9586,TRY,149.2808960162912,0,"Elektrik, Su, Gaz Hizmetleri",Derecelendirme yok
YESIL,YEŞİL YATIRIM HOLDİNG A.Ş.,1.22,TRY,-0.8130081300813016,13374450,0.7243037636874863,793350012,TRY,,-0.1548,TRY,-158.54765506807865,0,Çeşitli Hizmetler,Derecelendirme yok
YGGYO,YENİ GİMAT GAYRİMENKUL YATIRIM ORTAKLIĞI A.Ş.,229.9,TRY,3.1867145421903027,190776,1.7456517919887584,52181113099,TRY,9.690526972458503,23.7242,TRY,,4.73518850987433,Finans,Derecelendirme yok
YIGIT,Yigit Aku Malzemeleri Nakliyat Turizm Insaat Sanayi Ve Ticaret,20.68,TRY,-1.429933269780747,1470348,0.663603469905958,6304489862,TRY,17.126293995859214,1.2075,TRY,207.8001529441754,0,Üretici imalatı,Derecelendirme yok
YKBNK,YAPI VE KREDİ BANKASI A.Ş.,34.28,TRY,-1.6637980493402131,205267098,0.7380955881445453,294464195390,TRY,5.231351483335368,6.5528,TRY,61.093492637116796,0,Finans,Al
YKSLN,YÜKSELEN ÇELİK A.Ş.,2.78,TRY,-1.4184397163120581,5681299,0.911316576705958,1409999967,TRY,13.35254562920269,0.2082,TRY,,0,Dağıtım servisleri,Derecelendirme yok
YONGA,YONGA MOBİLYA SANAYİ VE TİCARET A.Ş.,49.52,TRY,-0.9599999999999936,10721,0.4561040773262542,839999962,TRY,174.30482224568814,0.2841,TRY,-86.01594802126404,0,Dayanıklı tüketim malları,Derecelendirme yok
YUNSA,YÜNSA YÜNLÜ SANAYİ VE TİCARET A.Ş.,8.65,TRY,-0.4602991944763999,2450559,0.7416236375925591,4171199799,TRY,10.503946569520341,0.8235,TRY,,4.20569620253165,İşlenebilen endüstriler,Derecelendirme yok
YYAPI,YEŞİL YAPI ENDÜSTRİSİ A.Ş.,0.88,TRY,0,2257850,0.7037371486192252,1500377756,TRY,,-0.1996,TRY,-126.79194630872483,0,Endüstriyel hizmetler,Derecelendirme yok
YYLGD,YAYLA AGRO GIDA SANAYİ VE TİCARET A.Ş.,10.04,TRY,-0.594059405940599,3574554,0.8545192904965037,10971428710,TRY,13.672885741522538,0.7343,TRY,-50.42867751299534,0,İşlenebilen endüstriler,Derecelendirme yok
ZEDUR,ZEDUR ENERJİ ELEKTRİK ÜRETİM A.Ş.,7.95,TRY,-0.7490636704119802,1611386,0.7309804395483395,1399747540,TRY,,-0.2412,TRY,-160.19465934614425,0,Tüketici hizmetleri,Derecelendirme yok
ZERGY,Zeray Gayrimenkul Yatirim Ortakligi AS,9.05,TRY,-1.2008733624454087,9540202,0.7073396493670003,5734160000,TRY,,,,,0,Finans,Derecelendirme yok
ZGYO,Z Gayrimenkul Yatirim Ortakligi A.S.,33.78,TRY,-0.05917159763312433,2393519,0.6717153855475387,7114637036,TRY,,,,,0,Finans,Derecelendirme yok
ZOREN,ZORLU ENERJİ ELEKTRİK ÜRETİM A.Ş.,2.32,TRY,-1.2765957446808616,34842598,0.8682653564273288,11749999523,TRY,,-2.7236,TRY,-40.023649169708484,0,"Elektrik, Su, Gaz Hizmetleri",Derecelendirme yok
ZRGYO,ZİRAAT GAYRİMENKUL YATIRIM ORTAKLIĞI A.Ş.,17.9,TRY,-0.11160714285716028,1331517,0.3210589819895806,84109672858,TRY,10.983616616555194,1.6297,TRY,149.18960244648315,0.518694196428571,Finans,Derecelendirme yok